product_name,full_name_in_reviews,price(in Rs.),processor,ram,os,storage,display(in inch),spec_rating,review_title,review_text,review_rating
ASUS Zenbook 14 OLED,ASUS Zenbook 14 OLED,99990,Intel Core Ultra 7,16GB,Windows 11,1TB SSD,14,5,Asus Zenbook 14,"Zenbook 14 (2026),Smartchoice,Intel Core Ultra 9 285H,32GB RAM,1TB SSD,OLED,Touchscreen,14""(35.5 cm),Win 11,M365 Basic(1Y)* Office 24,Foggy Silver,1.28 Kg, ...",3
ASUS Zenbook 14 OLED,ASUS Zenbook 14 OLED,99990,Intel Core Ultra 7,16GB,Windows 11,1TB SSD,14,5,ASUS Zenbook 14 OLED (2024) Review,The ASUS Zenbook 14 OLED UX3405 is a great ultraportable laptop. It's among the best when it comes to the build quality and the overall user ...,5
ASUS Zenbook 14 OLED,ASUS Zenbook 14 OLED,99990,Intel Core Ultra 7,16GB,Windows 11,1TB SSD,14,5,ASUS ZenBook 14 (UM3406KA) Review: AI-Powered ...,"If you're searching for a lightweight, AI-powered laptop that blends elegance with real-world performance, the ASUS ZenBook 14 ...",4
ASUS Zenbook 14 OLED,ASUS Zenbook 14 OLED,99990,Intel Core Ultra 7,16GB,Windows 11,1TB SSD,14,5,Asus Zenbook 14 OLED Touch (UM3406) Review,"The latest in Asus' overflowing Zenbook 14 OLED family skimps a bit on the screen resolution but delivers impressive power, battery life, and convenience for $ ...",4
ASUS Zenbook 14 OLED,ASUS Zenbook 14 OLED,99990,Intel Core Ultra 7,16GB,Windows 11,1TB SSD,14,5,Asus Zenbook A14 Review: The Best Copilot Plus PC So Far,Incredibly thin and light without feeling flimsy  All-day-and-all-night battery life  OLED display at this price is a nice surprise  Ample RAM ...,3
ASUS Zenbook 14 OLED,ASUS Zenbook 14 OLED,99990,Intel Core Ultra 7,16GB,Windows 11,1TB SSD,14,5,Asus Zenbook 14 OLED (UX3405M) review: Great specs ...,"It has solid performance for short tasks, but in the long term it throttled in our testing. $645.99 at Amazon  $749 at Walmart.",3
ASUS Zenbook 14 OLED,ASUS Zenbook 14 OLED,99990,Intel Core Ultra 7,16GB,Windows 11,1TB SSD,14,5,ASUS Zenbook 14 OLED (UX3405) - Review,"The Zenbook 14 OLED is an amazing laptop, with a really thin profile but packed with a powerful processor and a long battery life. The display is bright and ...",5
ASUS Zenbook 14 OLED,ASUS Zenbook 14 OLED,99990,Intel Core Ultra 7,16GB,Windows 11,1TB SSD,14,5,Is the Asus Zenbook Pro 14 OLED any good?,"The ASUS Zenbook 14 OLED 2024 is great for business use. It has a sturdy all-aluminum build and a compact design, making it well-suited for those who travel for work. Working on this laptop feels amazing, as it has a sharp OLED display, a spacious keyboard, and a large, responsive touchpad.",5
ASUS Zenbook 14 OLED,ASUS Zenbook 14 OLED,99990,Intel Core Ultra 7,16GB,Windows 11,1TB SSD,14,5,How old is the Asus Zenbook 14 OLED?,"Elegant and powerful, the Asus Zenbook 14 OLED, in its 2024 version, is hard to fault. A true success on almost every level, which is why this machine joins our comparison of the best notebooks. Equipped with the latest Intel Core Ultra 7 processor, the Zenbook 14 OLED 2024 is one of the best in its class.",5
ASUS Zenbook 14 OLED,ASUS Zenbook 14 OLED,99990,Intel Core Ultra 7,16GB,Windows 11,1TB SSD,14,5,Buy ASUS Zenbook 14 OLED (2025) ...,"With Super-linear speakers, Smart Amplifier, and ASUS Audio Booster technology, all available user e... ... Ratings and reviews. 4.4. Very Good. based on 18 ...",3
ASUS Zenbook 14 OLED,ASUS Zenbook 14 OLED,99990,Intel Core Ultra 7,16GB,Windows 11,1TB SSD,14,5,"ASUS Zenbook 14 OLED AI PC, Full Metal Body, Intel Core ...","... Laptop 14 Inch, Cool Silver, 1.4 Kg, With MS Office. 23% OFF. 1,10,990. 84,990. 78,990 with Bank offer. Ratings and reviews. 4.8. Excellent. based on 6 ...",4
ASUS Zenbook 14 OLED,ASUS Zenbook 14 OLED,99990,Intel Core Ultra 7,16GB,Windows 11,1TB SSD,14,5,Asus Zenbook 14 Review: Perfect for busy professionals ...,The newly launched Asus Zenbook 14 is all about with the AMD Ryzen A5 processor a gorgeous OLED display and a battery life that just refuses to give up.,3
ASUS Zenbook 14 OLED,ASUS Zenbook 14 OLED,99990,Intel Core Ultra 7,16GB,Windows 11,1TB SSD,14,5,Asus Zenbook S 14 OLED (UX5406) Review: Really Good,It's a nice typing experience but nothing exceptional. asus zenbook s14 review6 AsusZenbookS14OLED Asus. The keyboard doesn't have a lot of ...,3
ASUS Zenbook 14 OLED,ASUS Zenbook 14 OLED,99990,Intel Core Ultra 7,16GB,Windows 11,1TB SSD,14,5,"Asus Zenbook 14 Review: All That AI Talk, But It's the Screen ...","Asus Zenbook 14 delivers strong performance, a stunning OLED display, and lightweight design, but its AI features feel more hype than truly ...",5
ASUS Zenbook 14 OLED,ASUS Zenbook 14 OLED,99990,Intel Core Ultra 7,16GB,Windows 11,1TB SSD,14,5,ASUS Zenbook 14 OLED AMD Ryzen 5 Hexa Core 7530U,"... Laptop 14 Inch, Ponder Blue, 1.28 Kg, With MS Office. 7% OFF. 1,35,990. 1,25,990. 1,16,990 with Bank offer. Ratings and reviews. 4.2. Very Good. based on 53 ...",3
ASUS Zenbook 14 OLED,ASUS Zenbook 14 OLED,99990,Intel Core Ultra 7,16GB,Windows 11,1TB SSD,14,5,Asus Zenbook 14 review: Your next work bestie - Digit,Easy to carry around all day  Excellent 14-inch 3K OLED display  Smooth everyday performance for office work and multitasking  Strong battery ...,5
ASUS Zenbook 14 OLED,ASUS Zenbook 14 OLED,99990,Intel Core Ultra 7,16GB,Windows 11,1TB SSD,14,5,2025 Asus Zenbook 14 OLED REVIEW,This is a really good keyboard about 1.5 millimeters of key travel it's good for typing out documents emails and the like.,3
ASUS Zenbook 14 OLED,ASUS Zenbook 14 OLED,99990,Intel Core Ultra 7,16GB,Windows 11,1TB SSD,14,5,Review of ASUS Zenbook 14 OLED,"Laptop is super light, portable and charges quickly. Would buy it for 100% again. The Core 5 should be easily sufficient for marketing tasks, ...",3
ASUS Zenbook 14 OLED,ASUS Zenbook 14 OLED,99990,Intel Core Ultra 7,16GB,Windows 11,1TB SSD,14,5,Is the Asus Zenbook Pro 14 OLED any good?,"The ASUS Zenbook 14 OLED 2024 is great for business use. It has a sturdy all-aluminum build and a compact design, making it well-suited for those who travel for work. Working on this laptop feels amazing, as it has a sharp OLED display, a spacious keyboard, and a large, responsive touchpad.",5
ASUS Zenbook 14 OLED,ASUS Zenbook 14 OLED,99990,Intel Core Ultra 7,16GB,Windows 11,1TB SSD,14,5,What is the lifespan of the Zenbook 14?,"How long should an ASUS laptop last with proper care? On average, 57 years, but premium models like ZenBooks can last up to 8 years with consistent maintenance.",3
ASUS Zenbook 14 OLED,ASUS Zenbook 14 OLED,99990,Intel Core Ultra 7,16GB,Windows 11,1TB SSD,14,5,"Zenbook 14 OLED, good choice? Any thoughts? : r/ASUS","Hello, I'm thinking of buying the Zenbook 14 OLED(UX3405) but I've heard several bad cases of Asus Laptops malfunctioning out of the box or after a while. ...",2
ASUS Zenbook 14 OLED,ASUS Zenbook 14 OLED,99990,Intel Core Ultra 7,16GB,Windows 11,1TB SSD,14,5,r/AsusZenbook,"I bought this laptop in 2024 right after its release, paying full price at Best Buy. The laptop looks great and feels solid. It gets hot during heavy tasks ...",5
ASUS Zenbook 14 OLED,ASUS Zenbook 14 OLED,99990,Intel Core Ultra 7,16GB,Windows 11,1TB SSD,14,5,How good is the ASUS ZenBook 14 OLED?,"Equipped with Intel's latest Core Ultra, the Zenbook 14 Oled 2024 is a great success. Powerful to a fault, it's even at ease in games, except for the most demanding. In terms of AI, its NPU is still under-exploited, but the capabilities are there.",5
ASUS Zenbook 14 OLED,ASUS Zenbook 14 OLED,99990,Intel Core Ultra 7,16GB,Windows 11,1TB SSD,14,5,What is the lifespan of the Zenbook 14?,"How long should an ASUS laptop last with proper care? On average, 57 years, but premium models like ZenBooks can last up to 8 years with consistent maintenance.",3
ASUS Zenbook 14 OLED,ASUS Zenbook 14 OLED,99990,Intel Core Ultra 7,16GB,Windows 11,1TB SSD,14,5,Why is my ASUS Zenbook so laggy?,"Outdated drivers and firmware are a surprisingly common cause of poor performance. ASUS regularly releases updates that fix bugs, improve power management, and squeeze better performance out of the hardware. BIOS updates: These carry more risk but can genuinely fix performance and stability issues.",1
ASUS Zenbook 14 OLED,ASUS Zenbook 14 OLED,99990,Intel Core Ultra 7,16GB,Windows 11,1TB SSD,14,5,Is the Asus Zenbook Pro 14 OLED any good?,"The ASUS Zenbook 14 OLED 2024 is great for business use. It has a sturdy all-aluminum build and a compact design, making it well-suited for those who travel for work. Working on this laptop feels amazing, as it has a sharp OLED display, a spacious keyboard, and a large, responsive touchpad.",5
ASUS Zenbook 14 OLED,ASUS Zenbook 14 OLED,99990,Intel Core Ultra 7,16GB,Windows 11,1TB SSD,14,5,Asus Zenbook 14 UX3405CA longer-term review (Intel ...,"Summary: This 2025 UX3405CA version of the Asus Zenbook 14 is still an excellent daily-use ultrabook, much like its AMD counterpart. It's mostly the same ...",4
ASUS Zenbook 14 OLED,ASUS Zenbook 14 OLED,99990,Intel Core Ultra 7,16GB,Windows 11,1TB SSD,14,5,Asus Zenbook 14 (2025) - Review After 1 Month,"PROS:  The laptop has sleek, modern design.  The laptop has a fine port selection.  The build quality is solid, although I did notice a tiny bit ...",3
ASUS Zenbook 14 OLED,ASUS Zenbook 14 OLED,99990,Intel Core Ultra 7,16GB,Windows 11,1TB SSD,14,5,Asus Zenbook 14 (2025) review: Windows' best kept secret,"The Asus Zenbook 14 isn't perfect, but it manages to hit the sweet spot on price and performance.",4
ASUS Zenbook 14 OLED,ASUS Zenbook 14 OLED,99990,Intel Core Ultra 7,16GB,Windows 11,1TB SSD,14,5,Asus Zenbook A14 - Review 2025,"Featuring an eye-catching and lightweight build, Asus' Zenbook A14 laptop has ample ports, a premium OLED display, a 27-hour battery, and the latest in AI ...",4
ASUS Zenbook 14 OLED,ASUS Zenbook 14 OLED,99990,Intel Core Ultra 7,16GB,Windows 11,1TB SSD,14,5,2025 ASUS Zenbook 14 Review: A Good Laptop at ...,"The 1920x1200 OLED panel remains unchanged from previous models. It's bright enough for indoor use (380 nits), but the glossy finish is ...",3
ASUS Zenbook 14 OLED,ASUS Zenbook 14 OLED,99990,Intel Core Ultra 7,16GB,Windows 11,1TB SSD,14,5,Asus Zenbook 14 OLED Review - High Performance Laptops,"The Asus Zenbook 14 OLED is one of the very best on the market. It's quick, got great ergonomics, is highly portable and represents great ...",5
ASUS Zenbook 14 OLED,ASUS Zenbook 14 OLED,99990,Intel Core Ultra 7,16GB,Windows 11,1TB SSD,14,5,ASUS Zenbook A14 UX3407 (2025) Laptop Review,"Our Verdict ; General Productivity  Thin and light design. Exceptional battery life. Comfortable keyboard, large touchpad. Decent 1080p webcam.",3
ASUS Zenbook 14 OLED,ASUS Zenbook 14 OLED,99990,Intel Core Ultra 7,16GB,Windows 11,1TB SSD,14,5,Why Asus Zenbook 14? | Asus Zenbook 14 Review,Asus Zenbook 14 has always been a fan favorite for its lightweight design and portability  but is the new model with Intel's Core Ultra 9 ...,4
ASUS Zenbook 14 OLED,ASUS Zenbook 14 OLED,99990,Intel Core Ultra 7,16GB,Windows 11,1TB SSD,14,5,What is the difference between Asus Zenbook 2025 and 2024?,"Choosing between the ASUS Zenbook A14 UX3407 (2025) and the ASUS Zenbook 14 OLED (2024) depends on what you care about most. The Zenbook 14 OLED provides a better user experience overall; it has a sturdier all-aluminum build, higher-resolution 120Hz display options, and a much better webcam.",3
ASUS Zenbook 14 OLED,ASUS Zenbook 14 OLED,99990,Intel Core Ultra 7,16GB,Windows 11,1TB SSD,14,5,Is the Asus Zenbook Pro 14 OLED any good?,"The ASUS Zenbook 14 OLED 2024 is great for business use. It has a sturdy all-aluminum build and a compact design, making it well-suited for those who travel for work. Working on this laptop feels amazing, as it has a sharp OLED display, a spacious keyboard, and a large, responsive touchpad.",5
ASUS Zenbook 14 OLED,ASUS Zenbook 14 OLED,99990,Intel Core Ultra 7,16GB,Windows 11,1TB SSD,14,5,What is the lifespan of the Zenbook 14?,"How long should an ASUS laptop last with proper care? On average, 57 years, but premium models like ZenBooks can last up to 8 years with consistent maintenance.",3
ASUS Zenbook 14 OLED,ASUS Zenbook 14 OLED,99990,Intel Core Ultra 7,16GB,Windows 11,1TB SSD,14,5,Review of ASUS Zenbook 14 OLED,This machine is really good and can get almost 5 hrs on battery when doong productivity work. She might be able to squeeze 6hrs from the 75Wh battery.,3
ASUS Zenbook 14 OLED,ASUS Zenbook 14 OLED,99990,Intel Core Ultra 7,16GB,Windows 11,1TB SSD,14,5,Asus Zenbook S 14 (LUNAR LAKE) REVIEW - WAS IT ...,... 14:12 Battery Life & Charging 15:05: Audio & Speaker Test 16:36 Pros & Cons 18:27 The Score 18:54 Outro.,3
ASUS Zenbook 14 OLED,ASUS Zenbook 14 OLED,99990,Intel Core Ultra 7,16GB,Windows 11,1TB SSD,14,5,Is the ASUS Zenbook 14 OLED Worth It? Honest 2025 ...,"Yesthe ASUS Zenbook 14 OLED (UX3405/UM3406) delivers exceptional color accuracy, 15+ hour battery life, and true ultraportabilitybut only ...",3
ASUS Zenbook 14 OLED,ASUS Zenbook 14 OLED,99990,Intel Core Ultra 7,16GB,Windows 11,1TB SSD,14,5,Asus Zenbook Pro 14 OLED review,Asus Zenbook Pro 14 OLED review: Battery life and heat. Battery life is downright poor; Heat output at its highest is only just acceptable. If ...,2
ASUS Zenbook 14 OLED,ASUS Zenbook 14 OLED,99990,Intel Core Ultra 7,16GB,Windows 11,1TB SSD,14,5,Is Asus zenbook 14x oled considered a good choice if I ...,"Is Asus zenbook 14x oled considered a good choice if I want a device that I will use for up to seven years (keeping in mind that I cannot buy from Dell, ...",3
ASUS Zenbook 14 OLED,ASUS Zenbook 14 OLED,99990,Intel Core Ultra 7,16GB,Windows 11,1TB SSD,14,5,"ASUS Zenbook 14 OLED Review: Pros, Cons, and Real- ...","The ASUS Zenbook 14 OLED aims to strike a balance between portability, power, and value, making it an option worth considering for creative ...",4
ASUS Zenbook 14 OLED,ASUS Zenbook 14 OLED,99990,Intel Core Ultra 7,16GB,Windows 11,1TB SSD,14,5,asus zenbook pro 14 duo oled | excellent display but has a ...,"Asus Zenbook Pro 14 Duo OLED | Excellent display, but has a peculiar heating issue ... Performance mode but this drains the battery faster. The ...",1
ASUS Zenbook 14 OLED,ASUS Zenbook 14 OLED,99990,Intel Core Ultra 7,16GB,Windows 11,1TB SSD,14,5,ASUS Zenbook 14 OLED (2024) Review,Battery lasts over eight hours of video playback. Speakers get reasonably loud. Cons. OLED is susceptible to permanent burn-in. Speakers ...,3
ASUS Zenbook 14 OLED,ASUS Zenbook 14 OLED,99990,Intel Core Ultra 7,16GB,Windows 11,1TB SSD,14,5,Asus ZenBook Pro 14 OLED review (UX6404VV model),"Finally, this laptop can also game alright on battery power. On Performance mode, the systme allocates 45W to the GPU and 25W to the CPU, which ...",3
ASUS Zenbook 14 OLED,ASUS Zenbook 14 OLED,99990,Intel Core Ultra 7,16GB,Windows 11,1TB SSD,14,5,Is it normal for an ASUS laptop to get hot?,"A little warmth is normal, but if your laptop feels unusually hot, there may be a few reasons why: Dust or debris blocking the vents. Running too many apps at once. Using your laptop on soft surfaces that trap heat.",3
ASUS Zenbook 14 OLED,ASUS Zenbook 14 OLED,99990,Intel Core Ultra 7,16GB,Windows 11,1TB SSD,14,5,How long is the battery life on the Asus ZenBook a 14?,"It lasts over 33 hours 3 of continuous video playback on a single charge, making it perfect for long flights, extended travel, or binge-watching without recharging.",4
Samsung Galaxy Book4,Samsung Galaxy Book4,74990,Intel Core 7,16GB,Windows 11,512GB SSD,15.6,4,"Samsung Galaxy Book4 (Gray, 16GB RAM, 512GB SSD) ...",Processor: Intel Core 5 Processor 120U (1.4 GHz Up to 5.0 GHz 12 MB Smart Cache) | Memory: 16 GB LPDDR4X Memory | Storage: 512GB SSD| Intel Iris XE Graphics ...,3
Samsung Galaxy Book4,Samsung Galaxy Book4,74990,Intel Core 7,16GB,Windows 11,512GB SSD,15.6,4,Samsung Galaxy Book4 (2024) Laptop Review,"The Samsung Galaxy Book4 is a good budget laptop. It has enough processing power to handle most general productivity tasks, like web browsing, ...",3
Samsung Galaxy Book4,Samsung Galaxy Book4,74990,Intel Core 7,16GB,Windows 11,512GB SSD,15.6,4,Samsung Galaxy Book 4 Price (25 May 2026) Specification ...,Samsung Galaxy Book 4 is a Windows 11 laptop with a 15.60-inch display that has a resolution of 1920x1080 pixels. it comes with 8GB of RAM.,3
Samsung Galaxy Book4,Samsung Galaxy Book4,74990,Intel Core 7,16GB,Windows 11,512GB SSD,15.6,4,Samsung Galaxy Book4 Laptop & Chromebook Review,"Performance: Overall this laptop's performance was good, below that of many other models but still powerful enough for tasks such as email, word processing, ...",4
Samsung Galaxy Book4,Samsung Galaxy Book4,74990,Intel Core 7,16GB,Windows 11,512GB SSD,15.6,4,"Samsung Galaxy Book 4 15.6"" Full HD Screen | Intel Core ...","Samsung Galaxy Book 4 15.6"" Full HD Screen | Intel Core i7 1355U | 16GB RAM | 512GB SSD | Windows 11 Pro | Backlit KB |RJ45 LAN Port| Fingerprint | Intel ...",3
Samsung Galaxy Book4,Samsung Galaxy Book4,74990,Intel Core 7,16GB,Windows 11,512GB SSD,15.6,4,Samsung Galaxy Book4 Pro 14 review: Light as a feather,The Galaxy Book4 Pro performs above average in all applications that make heavy use of the GPU such as rendering and photo and video editing.,3
Samsung Galaxy Book4,Samsung Galaxy Book4,74990,Intel Core 7,16GB,Windows 11,512GB SSD,15.6,4,The Ultimate Student Laptop: Samsung Galaxy Book 4 ...,Watching on Book 4 i7 1355U My Review after using 1 week:- it is enough for professional work but when it comes to editing or gaming may ...,3
Samsung Galaxy Book4,Samsung Galaxy Book4,74990,Intel Core 7,16GB,Windows 11,512GB SSD,15.6,4,Samsung Galaxy Book4 Intel Core 5 120u 8 Gb Ssd 512 ...,"i got it for 43.5k , it's very worth it. design, display, battery,charger(type-c) , processor. everything is top notch. i purchased it for coding. it's a ...",4
Samsung Galaxy Book4,Samsung Galaxy Book4,74990,Intel Core 7,16GB,Windows 11,512GB SSD,15.6,4,Is the Samsung Galaxy Book4 Pro good?,"The Samsung Galaxy Book4 Pro 360 is an unbalanced laptop that exudes excellence in some areas while falling foul of key rivals in others. If you want one of the best laptop displays around, top-notch battery life and a sleek look, this could be the laptop for you, but you'll have to compromise.",4
Samsung Galaxy Book4,Samsung Galaxy Book4,74990,Intel Core 7,16GB,Windows 11,512GB SSD,15.6,4,How old is Samsung Book 4?,The Galaxy Book4 series launched across February and March 2024.,3
Samsung Galaxy Book4,Samsung Galaxy Book4,74990,Intel Core 7,16GB,Windows 11,512GB SSD,15.6,4,Samsung Galaxy Book4 Intel Core 5 120u 8 Gb 512 ...,All Reviews  1 22. 2  +17  Super! Review for: Color Gray  Processor Core 5 | 120U  SSD Capacity 512 GB  Screen Size 15.6 Inch  System Memory 16 GB  Awesome.,3
Samsung Galaxy Book4,Samsung Galaxy Book4,74990,Intel Core 7,16GB,Windows 11,512GB SSD,15.6,4,Samsung Galaxy Book4 Intel Core 5 120u 8 Gb Ssd 512 ...,"i got it for 43.5k , it's very worth it. design, display, battery,charger(type-c) , processor. everything is top notch. i purchased it for coding. it's a ...",4
Samsung Galaxy Book4,Samsung Galaxy Book4,74990,Intel Core 7,16GB,Windows 11,512GB SSD,15.6,4,We Tried The Most Discounted Budget Laptop! ft. Galaxy Book 4!,"We tried this Samsung Laptop which is currently selling at a discounted price of 38,990, down from 60,000. Is it good, how's our experience.",3
Samsung Galaxy Book4,Samsung Galaxy Book4,74990,Intel Core 7,16GB,Windows 11,512GB SSD,15.6,4,Samsung Galaxy Book4 Intel Core I5 13th Gen 1335u 16 ...,Good product with good design and performance. Comparing to other brands it is slightly expensive but I got it with attractive offers.,2
Samsung Galaxy Book4,Samsung Galaxy Book4,74990,Intel Core 7,16GB,Windows 11,512GB SSD,15.6,4,"Samsung Galaxy Book4 (Gray, 16GB RAM, 512GB SSD)","I'm very disappointed with Samsung and Amazone, i purchased Samsung galaxy book4. Then I found Laptop's Camara is not working ,Audio sound is very low ,Battery ...",2
Samsung Galaxy Book4,Samsung Galaxy Book4,74990,Intel Core 7,16GB,Windows 11,512GB SSD,15.6,4,Samsung Galaxy Book 4 - Detailed Review | Intel i7 13th Gen ...,"Top-notch display, very reliable battery, and too smooth to use. So far, I'm very satisfied with the device. Let's see how it does in the long run.",4
Samsung Galaxy Book4,Samsung Galaxy Book4,74990,Intel Core 7,16GB,Windows 11,512GB SSD,15.6,4,Samsung Galaxy Book 4 Price (25 May 2026) Specification ...,"Samsung Galaxy Book 4 best price is Rs. 63000 as on 25th May 2026. See full specifications, expert reviews, user ratings, and more.",4
Samsung Galaxy Book4,Samsung Galaxy Book4,74990,Intel Core 7,16GB,Windows 11,512GB SSD,15.6,4,Samsung Galaxy Book4 Metal Intel Core I5 13th Gen ...,4.3. 93% Positive feedback. 7% Negative feedback. User reviews sorted by. Most Helpful. Latest. Positive. Negative. Best choice under 50k for moderate user.,4
Samsung Galaxy Book4,Samsung Galaxy Book4,74990,Intel Core 7,16GB,Windows 11,512GB SSD,15.6,4,Samsung Galaxy Book4 Metal Intel Core i3 13th Gen 1315U,"Efficient performance for everyday use. ... Clear and detailed visuals. ... Galaxy Book4 is encased in a full metal body that weighs just 1.55 kg, so it's sleek, ...",3
Samsung Galaxy Book4,Samsung Galaxy Book4,74990,Intel Core 7,16GB,Windows 11,512GB SSD,15.6,4,Should I get the Galaxy Book 4? : r/GalaxyBook,"My current laptop is the Dell Inspiron 14 2 in 1, custom configuration. 16gb RAM and 512gb storage, Intel core i7, Nvidia graphics. Have had it for 3 years. ...",3
Samsung Galaxy Book4,Samsung Galaxy Book4,74990,Intel Core 7,16GB,Windows 11,512GB SSD,15.6,4,r/GalaxyBook,Planning on buying samsung galaxy book 4 i5.please share your review about this whoever bought . I also came across that it has hinge issues.,2
Samsung Galaxy Book4,Samsung Galaxy Book4,74990,Intel Core 7,16GB,Windows 11,512GB SSD,15.6,4,Is the Samsung Galaxy Book 4 reliable?,"The Samsung Galaxy Book4 is a good budget laptop. It has enough processing power to handle most general productivity tasks, like web browsing, text processing, and media consumption. It also provides a decent user experience overall, sporting a sturdier build and brighter screen than most laptops in its class.",3
Samsung Galaxy Book4,Samsung Galaxy Book4,74990,Intel Core 7,16GB,Windows 11,512GB SSD,15.6,4,Is the Samsung Book 4 good for business?,"Looking for a laptop that fits modern business life? The Samsung Galaxy Book 4 is built for productivity, multitasking and working on the go. With a large Full HD display, fast performance and a slim design, it is a great choice for professionals who need reliability every day.",5
Samsung Galaxy Book4,Samsung Galaxy Book4,74990,Intel Core 7,16GB,Windows 11,512GB SSD,15.6,4,Is the Samsung Book 4 good for students?,"As a student you'll need a laptop that can keep pace with your busy life and that's certainly true of the Galaxy Book4 Pro. With a powerful Intel Core Ultra 7 processor, Intel Arc graphics and Windows 11 operating system it can handle the heavy computing workloads you throw at it.",4
Samsung Galaxy Book4,Samsung Galaxy Book4,74990,Intel Core 7,16GB,Windows 11,512GB SSD,15.6,4,Galaxy Book4 | Book4 360 - Price and Offers,"Galaxy Book4 Edge 39.62 cm model features a 61.8Wh (typical) battery, supports up to 22 hours of video runtime on a full charge and can be charged with up to 40 ...",3
Samsung Galaxy Book4,Samsung Galaxy Book4,74990,Intel Core 7,16GB,Windows 11,512GB SSD,15.6,4,Samsung Galaxy Book 4 pro 360 still a good option in 2025?,I'm looking at purchasing a laptop in the $800-$1000 range and best buy has a deal where I can get the Samsung Galaxy Book 4 pro 360 for $900 after taxes. ...,4
Samsung Galaxy Book4,Samsung Galaxy Book4,74990,Intel Core 7,16GB,Windows 11,512GB SSD,15.6,4,Samsung Galaxy Book4 Ultra Review,"It is well-built, looks good, feels nice in the hand, is light enough for this size display, and is a nicely designed laptop. My main two gripes ...",3
Samsung Galaxy Book4,Samsung Galaxy Book4,74990,Intel Core 7,16GB,Windows 11,512GB SSD,15.6,4,We Tried The Most Discounted Budget Laptop! ft. Galaxy Book 4!,"We tried this Samsung Laptop which is currently selling at a discounted price of 38,990, down from 60,000. Is it good, how's our experience.",3
Samsung Galaxy Book4,Samsung Galaxy Book4,74990,Intel Core 7,16GB,Windows 11,512GB SSD,15.6,4,Samsung Galaxy Book4 Pro 360 Laptop Review UK 2026,"The Samsung Galaxy Book4 Pro 360 is the most capable 16-inch convertible I've tested this year, combining genuine laptop performance with tablet ...",3
Samsung Galaxy Book4,Samsung Galaxy Book4,74990,Intel Core 7,16GB,Windows 11,512GB SSD,15.6,4,Galaxy Book 4 Edge review: Samsung laptop delivers ...,The new ultra-thin and light laptop comes in a choice of 14in or 16in screen sizes and packs the very fastest of the new Qualcomm Snapdragon X Elite chips.,4
Samsung Galaxy Book4,Samsung Galaxy Book4,74990,Intel Core 7,16GB,Windows 11,512GB SSD,15.6,4,The Most Affordable Laptop We've Been Waiting For! ft ...,"This Samsung Galaxy Book 4 Edge might just be the MacBook killer we've been waiting for! With 27-hour battery life, seamless Windows-Android ...",3
Samsung Galaxy Book4,Samsung Galaxy Book4,74990,Intel Core 7,16GB,Windows 11,512GB SSD,15.6,4,Are Samsung Galaxy Book4 good?,"Our Verdict. The Samsung Galaxy Book4 is good for school use. It's quite portable, thanks to its thin and lightweight design, and its battery lasts easily through a full school day.",4
Samsung Galaxy Book4,Samsung Galaxy Book4,74990,Intel Core 7,16GB,Windows 11,512GB SSD,15.6,4,Does Galaxy Book 4 have Microsoft Office?,"SAMSUNG Galaxy Book4 Laptop, with Office 2024 Lifetime License, Copilot AI PC, 15.6"" FHD Display, Intel Core 7-150U, 16 GB RAM, 512 GB SSD, Backlit KB, Windows 11 Pro, w/Jawfoal Accessories.",3
Samsung Galaxy Book4,Samsung Galaxy Book4,74990,Intel Core 7,16GB,Windows 11,512GB SSD,15.6,4,Is the Samsung Book 4 good for students?,"As a student you'll need a laptop that can keep pace with your busy life and that's certainly true of the Galaxy Book4 Pro. With a powerful Intel Core Ultra 7 processor, Intel Arc graphics and Windows 11 operating system it can handle the heavy computing workloads you throw at it.",4
Samsung Galaxy Book4,Samsung Galaxy Book4,74990,Intel Core 7,16GB,Windows 11,512GB SSD,15.6,4,Is the Samsung Book 4 good for business?,"Looking for a laptop that fits modern business life? The Samsung Galaxy Book 4 is built for productivity, multitasking and working on the go. With a large Full HD display, fast performance and a slim design, it is a great choice for professionals who need reliability every day.",5
Samsung Galaxy Book4,Samsung Galaxy Book4,74990,Intel Core 7,16GB,Windows 11,512GB SSD,15.6,4,"My Galaxy Book4 Pro 14"" Review : r/GalaxyBook","Galaxy Book4 Pro battery life insights. Top ... battery life, uncomfortable temperatures, and for the price, very unacceptable performance.",3
Samsung Galaxy Book4,Samsung Galaxy Book4,74990,Intel Core 7,16GB,Windows 11,512GB SSD,15.6,4,Samsung Galaxy Book 4 Ultra review: Avoid one mistake ...,"This also keeps the vents on the side out of sight, so you get the improved thermal performance without a gaming laptop or workstation look.",3
Samsung Galaxy Book4,Samsung Galaxy Book4,74990,Intel Core 7,16GB,Windows 11,512GB SSD,15.6,4,Samsung Galaxy Book4 (2024) Laptop Review,Easy to carry around. Battery lasts over seven hours of video playback. Speakers sound clear and airy. ... Display looks washed out. Display's low ...,3
Samsung Galaxy Book4,Samsung Galaxy Book4,74990,Intel Core 7,16GB,Windows 11,512GB SSD,15.6,4,Introducing Galaxy Book 4 | The Latest Samsung AI Laptop ...,Battery life is crucial for productivity and the Galaxy Book4 Pro 360 delivers with up to 21 hours of video runtime on a single charge3. It supports fast ...,4
Samsung Galaxy Book4,Samsung Galaxy Book4,74990,Intel Core 7,16GB,Windows 11,512GB SSD,15.6,4,Samsung Galaxy Book4 Pro 360 Review,"The supremely slim aluminum-clad laptop boasts improved battery life, Intel's AI capabilities (put to use by some Samsung apps) and synergy ...",3
Samsung Galaxy Book4,Samsung Galaxy Book4,74990,Intel Core 7,16GB,Windows 11,512GB SSD,15.6,4,Samsung Galaxy Book4 Pro 14 review: Light as a feather,"The Samsung Galaxy Book4 Pro 14 is a lightweight, elegant all-rounder for business professionals who need reliable performance and ample features on the go.",4
Samsung Galaxy Book4,Samsung Galaxy Book4,74990,Intel Core 7,16GB,Windows 11,512GB SSD,15.6,4,Just 1 change it takes to lower Temp and Save Power on ...,"In this video, I'll show you one simple change that can drastically lower temperatures and reduce power consumption on the Galaxy Book 4 ...",3
Samsung Galaxy Book4,Samsung Galaxy Book4,74990,Intel Core 7,16GB,Windows 11,512GB SSD,15.6,4,Samsung Galaxy Book4 Pro 360 Review: Beauty with ...,"The Samsung Galaxy Book4 Pro 360 offers an impressive battery life. With the balanced profile, I got close to seven hours of battery life with ...",4
Samsung Galaxy Book4,Samsung Galaxy Book4,74990,Intel Core 7,16GB,Windows 11,512GB SSD,15.6,4,How long does the Book 4 Pro battery last?,"Galaxy Book4 Pro 14"" model features a 63Wh (typical) battery, supports up to 18 hours of video runtime on a full charge and can be charged with up to 41% charge in 30 minutes.",3
Acer Predator Helios Neo 16,Acer Predator Helios Neo 16,134990,Intel Core i7 14th Gen,16GB,Windows 11,1TB SSD,16,5,acer Predator Helios Neo 16 Gaming Laptop 13th Gen Intel ...,"At 16 inches with a 16:10 aspect ratio, up to165Hz refresh rate, and 3ms response time5 the WUXGA panel goes all out and includes NVIDIA G-SYNC and Advanced ...",3
Acer Predator Helios Neo 16,Acer Predator Helios Neo 16,134990,Intel Core i7 14th Gen,16GB,Windows 11,1TB SSD,16,5,Acer Predator Helios Neo 16 review: Affordable but with all ...,"The Acer Predator Helios Neo 16 is a great option for gamers on a budget, delivering decent performance, gamer-centric styling and plenty of port options",4
Acer Predator Helios Neo 16,Acer Predator Helios Neo 16,134990,Intel Core i7 14th Gen,16GB,Windows 11,1TB SSD,16,5,Acer Predator Helios,"Predator Helios Neo 16 Gaming Laptop 13th Gen Intel Core i9 Processor (16 GB/1 TB SSD/Windows 11 Home/NVIDIA GeForce RTX 4060) PHN16-71, (16"") WUXGA Display.",3
Acer Predator Helios Neo 16,Acer Predator Helios Neo 16,134990,Intel Core i7 14th Gen,16GB,Windows 11,1TB SSD,16,5,Acer Predator Helios Neo 16S AI Review: A Super-Slim ...,"Acer's 16-inch Predator Helios Neo 16S AI gaming laptop delivers a superb OLED display and a top-end processor in a sleek, thin chassis.",4
Acer Predator Helios Neo 16,Acer Predator Helios Neo 16,134990,Intel Core i7 14th Gen,16GB,Windows 11,1TB SSD,16,5,Acer Predator Helios Neo 16 Gaming Laptop Review,"Takeaway: Good performance from mid-tier gaming laptop, nice display and visuals, smooth/fast performance, but only average battery life. The ...",5
Acer Predator Helios Neo 16,Acer Predator Helios Neo 16,134990,Intel Core i7 14th Gen,16GB,Windows 11,1TB SSD,16,5,Acer Predator Helios Neo 16 review: a fair price for a fine ...,"It also offers a fantastic display and good thermal performance - just be prepared for the fans to get noisy when you're gaming on it. $1,349.99 ...",4
Acer Predator Helios Neo 16,Acer Predator Helios Neo 16,134990,Intel Core i7 14th Gen,16GB,Windows 11,1TB SSD,16,5,Acer Predator Helios Neo 16 Review: Solid Performance ...,"The Acer Predator Helios Neo 16 has good build quality, plenty of ports, a great screen, and solid gaming performance for the price, but it can't outrun ...",4
Acer Predator Helios Neo 16,Acer Predator Helios Neo 16,134990,Intel Core i7 14th Gen,16GB,Windows 11,1TB SSD,16,5,Acer Predator Helios Neo 16 2024 Intel Core I7 14th Gen ...,I'm absolutely thrilled with my purchase! This laptop is an incredible value for its price - budget-friendly and packed with impressive features.,4
Acer Predator Helios Neo 16,Acer Predator Helios Neo 16,134990,Intel Core i7 14th Gen,16GB,Windows 11,1TB SSD,16,5,Acer Predator Helios Neo 16s Ai Intel Core Ultra 7 Na 16 ...,Read Latest Reviews of Acer Predator Helios Neo 16s Ai Intel Core Ultra 7 Na 16 Gb 1 Tb Ssd Windows 11 Home 8 Gb Graphics Nvidia Geforce Rtx 5050 Phn16s 71 ...,3
Acer Predator Helios Neo 16,Acer Predator Helios Neo 16,134990,Intel Core i7 14th Gen,16GB,Windows 11,1TB SSD,16,5,Acer Predator Helios Neo 16s Ai Intel Core Ultra 7 255 Hx ...,Amazing deal in BBD sale... laptop is excellent in every aspect in given price bracket.. battery could have better but it's ok as its proper gaming laptop.,5
Acer Predator Helios Neo 16,Acer Predator Helios Neo 16,134990,Intel Core i7 14th Gen,16GB,Windows 11,1TB SSD,16,5,Acer Predator Helios Neo 16 review - Acer's most value for ...,Helios Neo 16 is a very enticing gaming laptop it offers a high-end gaming laptop experience at a very reasonable budget.,3
Acer Predator Helios Neo 16,Acer Predator Helios Neo 16,134990,Intel Core i7 14th Gen,16GB,Windows 11,1TB SSD,16,5,Latest Review of Acer Predator Helios Neo 16 Intel Core I9 ...,"I got the i9 4070 version for 1.46k after all offers. Value for money. Area of Improvement: Camera is mediocre, Audio is okayish.",3
Acer Predator Helios Neo 16,Acer Predator Helios Neo 16,134990,Intel Core i7 14th Gen,16GB,Windows 11,1TB SSD,16,5,acer Predator Helios Neo 16 Gaming Laptop 13th Gen Intel ...,Display:- Very good. big screen helps a lot in design based works. its is also not reflective. heat:- It has only gotten a bit warm but not overly hot in my use ...,3
Acer Predator Helios Neo 16,Acer Predator Helios Neo 16,134990,Intel Core i7 14th Gen,16GB,Windows 11,1TB SSD,16,5,Acer Predator Helios Neo 16 (2024),Acer Predator Helios Neo 16 (2024) Review  Good  Excellent and bright display  Great gaming performance  Good build quality  Plenty of I/O ports.,5
Acer Predator Helios Neo 16,Acer Predator Helios Neo 16,134990,Intel Core i7 14th Gen,16GB,Windows 11,1TB SSD,16,5,Latest Review of Acer Predator Helios Neo 16 Intel Core I7 ...,"Have been using the machine for 5 months now. Don't have any complaints. The new predator sense is much improved. Uttiya Das. , Bengaluru. Helpful for 12.",3
Acer Predator Helios Neo 16,Acer Predator Helios Neo 16,134990,Intel Core i7 14th Gen,16GB,Windows 11,1TB SSD,16,5,Acer Predator Helios Neo 16 (2024) Review - CGMagazine,"The Acer Predator Helios Neo 16 is a great laptop that performs exceptionally, but should not be a user's first travel option.",4
Acer Predator Helios Neo 16,Acer Predator Helios Neo 16,134990,Intel Core i7 14th Gen,16GB,Windows 11,1TB SSD,16,5,Acer Helios Neo 16 (2024) Review - Lots of Improvements!,i bought this laptop for only $1369 last sale in my country and damn its freaking gorgeous. all my cousins and my siblings are envy af ...,3
Acer Predator Helios Neo 16,Acer Predator Helios Neo 16,134990,Intel Core i7 14th Gen,16GB,Windows 11,1TB SSD,16,5,How good are Acer predator laptops?,Here Is the Acer Predator Helios Neo 16 AI worth it. Well for both the EU. And US prices. I would say yes It is one of the highest performing 5070 Ti laptops I've tested.,4
Acer Predator Helios Neo 16,Acer Predator Helios Neo 16,134990,Intel Core i7 14th Gen,16GB,Windows 11,1TB SSD,16,5,Acer Predator Helios Neo 16 : r/GamingLaptops,"Hi all,. Looking for some support on whether or not the Acer Predator Helios Neo 16 is considered a good gaming laptop?",3
Acer Predator Helios Neo 16,Acer Predator Helios Neo 16,134990,Intel Core i7 14th Gen,16GB,Windows 11,1TB SSD,16,5,r/AcerPredatorHelios,Anyone else run into issues playing Helldivers 2 on the Acer Predator Helios Neo 16s AI with 5070 Ti and 32gb RAM?,2
Acer Predator Helios Neo 16,Acer Predator Helios Neo 16,134990,Intel Core i7 14th Gen,16GB,Windows 11,1TB SSD,16,5,Are Acer predator laptops reliable?,"Predator gaming laptops, especially models like the Helios and Triton series, are definitely worth considering for both gaming and content creation. They offer high refresh rate displays, powerful GPUs (like the RTX 4060/4070+), solid cooling systems, and a durable build.",5
Acer Predator Helios Neo 16,Acer Predator Helios Neo 16,134990,Intel Core i7 14th Gen,16GB,Windows 11,1TB SSD,16,5,Acer Predator Helios Neo 16 AI review,Design: An edgy-looking laptop with fantastic port placement. 4.5/5 ; Features: The latest CPU and GPUs take centre stage in this laptop. 4.5/5.,4
Acer Predator Helios Neo 16,Acer Predator Helios Neo 16,134990,Intel Core i7 14th Gen,16GB,Windows 11,1TB SSD,16,5,"Considering Predator Helios Neo 16 AI (2025),how's the ...","Hello Predator community, I hope you are all doing well. I'm from Portugal and am strongly considering the new Predator Helios Neo 16 AI (2025) https://www.ace ...",3
Acer Predator Helios Neo 16,Acer Predator Helios Neo 16,134990,Intel Core i7 14th Gen,16GB,Windows 11,1TB SSD,16,5,Acer Predator Helios Neo 16 AI (PHN16-73) review,"The Acer Predator Helios Neo 16 AI is a powerhouse for competitive gaming. In Counter-Strike 2 at its native 1600p resolution, it pumps out an ...",3
Acer Predator Helios Neo 16,Acer Predator Helios Neo 16,134990,Intel Core i7 14th Gen,16GB,Windows 11,1TB SSD,16,5,Acer Predator Helios Neo 16 - Review,"The Predator Helios Neo 16 is a big machine, it comes in at 35cm wide, 28cm deep and almost 3cm tall and with that size comes a staggering 2.64kg of weight.",3
Acer Predator Helios Neo 16,Acer Predator Helios Neo 16,134990,Intel Core i7 14th Gen,16GB,Windows 11,1TB SSD,16,5,Acer Predator Helios 16 AI review (PH16-73),"It's a solid and ergonomic design with good inputs and a beautiful OLED display. It also performs exceptionally well in GPU-related loads and games, on par with ...",4
Acer Predator Helios Neo 16,Acer Predator Helios Neo 16,134990,Intel Core i7 14th Gen,16GB,Windows 11,1TB SSD,16,5,Acer Predator Helios Neo 16 Review: Should You Buy?,"The click response of its integrated left and right keys isn't the best I've seen, but considering it's a gaming laptop after all, I can let this one slide.",4
Acer Predator Helios Neo 16,Acer Predator Helios Neo 16,134990,Intel Core i7 14th Gen,16GB,Windows 11,1TB SSD,16,5,Acer Predator Helios Neo 16 AI (2025),Acer Predator Helios Neo 16 AI (2025) ; Performance. 85 ; Gaming. 63 ; Display. 54 ; Battery Life. 62 ; Connectivity. 72.,3
Acer Predator Helios Neo 16,Acer Predator Helios Neo 16,134990,Intel Core i7 14th Gen,16GB,Windows 11,1TB SSD,16,5,Acer Predator Helios Neo 16S AI Review: A Super-Slim ...,"Acer's 16-inch Predator Helios Neo 16S AI gaming laptop delivers a superb OLED display and a top-end processor in a sleek, thin chassis.",4
Acer Predator Helios Neo 16,Acer Predator Helios Neo 16,134990,Intel Core i7 14th Gen,16GB,Windows 11,1TB SSD,16,5,Is Acer a good laptop in 2025?,"Acer might not shout as loudly as some of its competitors, but it's quietly built a reputation for offering solid laptops at every price point. From pocket-friendly student machines to beefy gaming rigs, Acer has something for everyone - and that's exactly what makes it such a reliable brand to buy into in 2025.",3
Acer Predator Helios Neo 16,Acer Predator Helios Neo 16,134990,Intel Core i7 14th Gen,16GB,Windows 11,1TB SSD,16,5,High temperature CPU in Predator Helios neo 16 (N23C12 ...,Hello everyone Help solve the problem. I have a Predator Helios neo 16 (N23C12) laptop. Very high CPU temperature even though I just turned it ...,2
Acer Predator Helios Neo 16,Acer Predator Helios Neo 16,134990,Intel Core i7 14th Gen,16GB,Windows 11,1TB SSD,16,5,NEVER BUY ACER. Predator Helios Neo 16 is a HOT ...,"The CPU hits 108C with just light, casual gaming of course. It starts thermal throttling like crazy  up to 80% performance drop.  They sent a ...",3
Acer Predator Helios Neo 16,Acer Predator Helios Neo 16,134990,Intel Core i7 14th Gen,16GB,Windows 11,1TB SSD,16,5,Acer Predator Helios Neo 16 Review: Should You Buy?,"Moving on, the Helios Neo 16's 90Wh battery usually lasted around 4 hours for me when setting it to Balanced mode and doing everyday chores. And when letting ...",3
Acer Predator Helios Neo 16,Acer Predator Helios Neo 16,134990,Intel Core i7 14th Gen,16GB,Windows 11,1TB SSD,16,5,Acer Predator Helios Neo 16 Review,"In terms of battery performance, the laptop's 90Wh battery lasted 7 hours and 20 minute in PCMark 10 Modern Office test. While this duration may ...",3
Acer Predator Helios Neo 16,Acer Predator Helios Neo 16,134990,Intel Core i7 14th Gen,16GB,Windows 11,1TB SSD,16,5,Overheating and fan control issues with Predator Helios ...,"Hey guys. I've recently purchased a Helios Neo 16, with 14900hx and rtx4070 in it, and it overheats massively due to overvolting (touches 1.5v, which it ...",2
Acer Predator Helios Neo 16,Acer Predator Helios Neo 16,134990,Intel Core i7 14th Gen,16GB,Windows 11,1TB SSD,16,5,Acer Predator Helios Neo 16 Review: Leader of the Budget ...,Cons. Bulky and heavy; Design borrows liberally from Acer's entry-level Nitro 16; Weak audio output; Short battery life.,3
Acer Predator Helios Neo 16,Acer Predator Helios Neo 16,134990,Intel Core i7 14th Gen,16GB,Windows 11,1TB SSD,16,5,"Predator Helios Neo 16 Review - Work or play, this gaming ...","Much like other gaming laptops, our Predator Helios Neo 16 review unit has middling battery life from its 90Wh battery. With Balanced ...",3
Lenovo LOQ 13th Gen,Lenovo LOQ 13th Gen,72990,Intel Core i5 13th Gen,16GB,Windows 11,512GB SSD,15.6,4,"Lenovo LOQ 2024, Intel Core i5-13450HX, 13th Gen ...","Customers find the laptop performs well, with one mentioning it runs AAA title games smoothly on highest settings. They consider it good value for money and ...",4
Lenovo LOQ 13th Gen,Lenovo LOQ 13th Gen,72990,Intel Core i5 13th Gen,16GB,Windows 11,512GB SSD,15.6,4,Lenovo LOQ 15 Review: Don't Be Fooled by This Budget ...,The entry-level LOQ serves up modern components and good 3D performance for the price.,3
Lenovo LOQ 13th Gen,Lenovo LOQ 13th Gen,72990,Intel Core i5 13th Gen,16GB,Windows 11,512GB SSD,15.6,4,Lenovo LOQ 83DV007GIN Gaming Laptop (13th Gen Core ...,Lenovo LOQ 83DV007GIN Gaming Laptop is a Windows Gaming Laptop powered by 13th Gen Intel Core i5 13450HX with 16 GB DDR5 RAM and 512.,3
Lenovo LOQ 13th Gen,Lenovo LOQ 13th Gen,72990,Intel Core i5 13th Gen,16GB,Windows 11,512GB SSD,15.6,4,"Lenovo LOQ 13th Gen (15, Intel)","[This review was collected as part of a promotion.] Excellent computer. It has a very fast processor, a state-of-the-art graphics card, the graphics look ...",5
Lenovo LOQ 13th Gen,Lenovo LOQ 13th Gen,72990,Intel Core i5 13th Gen,16GB,Windows 11,512GB SSD,15.6,4,Is it safe to buy a lenovo loq from Amazon?,I am getting a good deal on Amazon using my CC. Should I consider open box delivery from Flipkart or the trust of Amazon?,3
Lenovo LOQ 13th Gen,Lenovo LOQ 13th Gen,72990,Intel Core i5 13th Gen,16GB,Windows 11,512GB SSD,15.6,4,Lenovo LOQ 15 Review,"Lenovo's budget-minded LOQ 15 is easy to type on and competent for 1080p play, but this gaming laptop's weighty plastic build and ho-hum screen keep it from ...",3
Lenovo LOQ 13th Gen,Lenovo LOQ 13th Gen,72990,Intel Core i5 13th Gen,16GB,Windows 11,512GB SSD,15.6,4,Lenovo Loq Intel Core I7 13th Gen 13620h 16 Gb 512 ...,"Fast, quick start, good gaming performance, BUT poor battery life Laptop is quite heavy ! Sudhir Verma. , Bhilai.",4
Lenovo LOQ 13th Gen,Lenovo LOQ 13th Gen,72990,Intel Core i5 13th Gen,16GB,Windows 11,512GB SSD,15.6,4,Lenovo LOQ Review- 13th Gen Intel Core i7 & RTX 4060 ...,"Lenovo LOQ, Intel Core i7-13650HX, 13th Gen, NVIDIA RTX 4060-8GB, 16GB RAM, 1TB SSD, FHD 144Hz 300Nits, 15.6""/39.62cm, Windows 11 Home, ...",3
Lenovo LOQ 13th Gen,Lenovo LOQ 13th Gen,72990,Intel Core i5 13th Gen,16GB,Windows 11,512GB SSD,15.6,4,"Lenovo LOQ 2024, Intel Core i5-13450HX, 13th Gen ...","Customers find the laptop performs well, with one mentioning it runs AAA title games smoothly on highest settings. They consider it good value for money and ...",4
Lenovo LOQ 13th Gen,Lenovo LOQ 13th Gen,72990,Intel Core i5 13th Gen,16GB,Windows 11,512GB SSD,15.6,4,Lenovo LOQ Intel Core i5 13th Gen 13450HX - (24 GB/512 ...,Flipkart Customer. Image. Verified Buyer. 43. 10. 5. Worth every penny. 1 year ago. Working excellent after 2.5 months of use. Just little bit overhe... more.,5
Lenovo LOQ 13th Gen,Lenovo LOQ 13th Gen,72990,Intel Core i5 13th Gen,16GB,Windows 11,512GB SSD,15.6,4,Don't Buy Gaming Laptop Right Now Ft. Lenovo LOQ i5 ...,"Bought this laptop at 82k (i5 13450HX RTX 4050). Its been 3months using this laptop . Good for gaming ,productivity. 95k is too high price .",3
Lenovo LOQ 13th Gen,Lenovo LOQ 13th Gen,72990,Intel Core i5 13th Gen,16GB,Windows 11,512GB SSD,15.6,4,Lenovo Loq Intel Core I7 13th Gen 13650hx 16 Gb 512 ...,"For the price the laptop is performance rich, the only drawback is the battery that is all, otherwise everything is top notch.... Arun Sengupta. , ...",3
Lenovo LOQ 13th Gen,Lenovo LOQ 13th Gen,72990,Intel Core i5 13th Gen,16GB,Windows 11,512GB SSD,15.6,4,Best Gaming Laptop Under 60000 in 2025 Lenovo LOQ i5 ...,"... Flipkart Big Billion Days 2025 and Amazon Great ... Best Gaming Laptop Under 60,000 in 2025 Lenovo LOQ i5 13th Gen RTX 3050 6GB Review .",5
Lenovo LOQ 13th Gen,Lenovo LOQ 13th Gen,72990,Intel Core i5 13th Gen,16GB,Windows 11,512GB SSD,15.6,4,"Lenovo LOQ 13th Gen (15, Intel)","411 Reviews. 251 out of 266 (94%) reviewers recommend this product. Average Customer Ratings. Value of Product. Value of Product, 4.1 out of 5. 4.1. Customer ...",3
Lenovo LOQ 13th Gen,Lenovo LOQ 13th Gen,72990,Intel Core i5 13th Gen,16GB,Windows 11,512GB SSD,15.6,4,Lenovo LOQ 2024 Review | Intel 13th Gen 13450HX | RTX ...,"Buy Here https://amzn.to/4l8qID3 Hi Guys If you are Looking Forward to Buy the best Gaming Laptop Under 80,000 to 85000 Rupees To You ...",4
Lenovo LOQ 13th Gen,Lenovo LOQ 13th Gen,72990,Intel Core i5 13th Gen,16GB,Windows 11,512GB SSD,15.6,4,"Lenovo LOQ i7 13th Gen  Real Performance Test, No Paid ...",In this video I will review and test the Lenovo LOQ 15IRX9 Gaming ... Lenovo Legion 5 i7 13th gen 13650HX with RTX 4060 review in 2025.,3
Lenovo LOQ 13th Gen,Lenovo LOQ 13th Gen,72990,Intel Core i5 13th Gen,16GB,Windows 11,512GB SSD,15.6,4,Price History of Lenovo LOQ Intel Core i5 13th Gen 13450HX,Lenovo LOQ Intel Core i5 13th Gen 13450HX - (16 GB/512 GB SSD/Windows 11 Home/6 GB Graphics/NVIDIA GeForce RTX 3050) LOQ 15IRX9D2 Gaming Laptop 15.6 I Price ...,3
Lenovo LOQ 13th Gen,Lenovo LOQ 13th Gen,72990,Intel Core i5 13th Gen,16GB,Windows 11,512GB SSD,15.6,4,Lenovo Loq Intel Core I7 13th Gen 13650hx 16 Gb 512 ...,"Battery performance is really worst. Ishan Shah. , Navsari ; Shubhayu Das. , Kolkata ; Shivaling. , Kalaburagi ; Best product, but battery and speakers is weak.",4
Lenovo LOQ 13th Gen,Lenovo LOQ 13th Gen,72990,Intel Core i5 13th Gen,16GB,Windows 11,512GB SSD,15.6,4,What is the price of Lenovo LOQ i5 13th generation in India?,"You can check the price history of Lenovo LOQ Intel Core i5 13th Gen 13450HX - (16 GB /512 GB SSD /Windows 11 Home /6 GB Graphics /NVIDIA GeForce RTX 4050) 15IRX9 Gaming Laptop here. This product's current Price in India is 104,990. The average and highest prices are 87,173 and 104,990 respectively.",3
Lenovo LOQ 13th Gen,Lenovo LOQ 13th Gen,72990,Intel Core i5 13th Gen,16GB,Windows 11,512GB SSD,15.6,4,Lenovo loq i5-13th gen : r/LenovoLOQ,Lenovo LOQ gaming laptop recommendations. Best accessories for Lenovo LOQ series. User experiences with Lenovo LOQ performance. Open App.,4
Lenovo LOQ 13th Gen,Lenovo LOQ 13th Gen,72990,Intel Core i5 13th Gen,16GB,Windows 11,512GB SSD,15.6,4,r/LenovoLOQ,Bought my first ever Gaming Laptop LOQ 15IRX10 (i7-13700HX/RTX 5050). Seeking tips for longevity and decent thermals  Advice.,3
Lenovo LOQ 13th Gen,Lenovo LOQ 13th Gen,72990,Intel Core i5 13th Gen,16GB,Windows 11,512GB SSD,15.6,4,Getting Started With New LOQ,"r/LenovoLOQ: Learn how to set up your new Lenovo LOQ laptop for optimal performance. Remove bloatware, update drivers, and more!",3
Lenovo LOQ 13th Gen,Lenovo LOQ 13th Gen,72990,Intel Core i5 13th Gen,16GB,Windows 11,512GB SSD,15.6,4,Does the Lenovo LOQ have problems?,Re:Lenovo LOQ Motherboard issue The motherboard issue is real. The only solution thus far is to undervolt the unit. Also if you change the thermal paste yourself you void your warranty so keep that in mind. Only a Lenovo accredited repair center may replace it under the warranty.,2
Lenovo LOQ 13th Gen,Lenovo LOQ 13th Gen,72990,Intel Core i5 13th Gen,16GB,Windows 11,512GB SSD,15.6,4,Is the Lenovo LOQ considered a gaming laptop?,"That's why there's Lenovo LOQ. Purpose-built for rising PC gamers, it delivers powerful performance in a sleek package that's fits in perfectly in your dorm room or flat.",5
Lenovo LOQ 13th Gen,Lenovo LOQ 13th Gen,72990,Intel Core i5 13th Gen,16GB,Windows 11,512GB SSD,15.6,4,Lenovo LOQ 15IRX10 | 15-inch laptop for students and ...,"Step up to true gaming with Lenovo LOQ, powered by Intel Core HX processors and NVIDIA GeForce RTX graphics.",3
Lenovo LOQ 13th Gen,Lenovo LOQ 13th Gen,72990,Intel Core i5 13th Gen,16GB,Windows 11,512GB SSD,15.6,4,First RTX 5060 Gaming Laptop in India... Lenovo LOQ (2025 ...,It's their all new gen lock 2025 Gen 10 edition gaming laptop and packs like killer specs and hardware at a reasonable price point.,3
Lenovo LOQ 13th Gen,Lenovo LOQ 13th Gen,72990,Intel Core i5 13th Gen,16GB,Windows 11,512GB SSD,15.6,4,LOQ 15 Review - A HUGE Late 2025 Update w/ RTX 5060,The Lenovo LOQ 15 with an RTX 5060 is positioned to be the best budget gaming laptop of 2025 with a relatively affordable price (if / when ...,4
Lenovo LOQ 13th Gen,Lenovo LOQ 13th Gen,72990,Intel Core i5 13th Gen,16GB,Windows 11,512GB SSD,15.6,4,Buy Lenovo LOQ 2025 Intel Core i7 13th Gen 13700HX,Buy Lenovo LOQ 2025 Intel Core i7 13th Gen 13700HX - (16 GB/1 TB SSD/Windows 11 Home/8 GB Graphics/NVIDIA GeForce RTX 5060) LoQ 15IRX10 Gaming Laptop Online ...,3
Lenovo LOQ 13th Gen,Lenovo LOQ 13th Gen,72990,Intel Core i5 13th Gen,16GB,Windows 11,512GB SSD,15.6,4,Lenovo LOQ 2025 - Better Priced Than Competitors?,Lenovo Legion 5  Not Your Typical Heavy Gaming Laptop! Venom's Tech168K views ; Asus TUF vs Lenovo LOQ  Gaming Laptop Buyers Be Aware at Sale.,3
Lenovo LOQ 13th Gen,Lenovo LOQ 13th Gen,72990,Intel Core i5 13th Gen,16GB,Windows 11,512GB SSD,15.6,4,Lenovo LOQ 15 Review: Don't Be Fooled by This Budget ...,"The LOQ 15 is worth considering as a secondary laptop specifically for gaming. Its 15.6-inch, 16:9 display can feel cramped for general use ...",4
Lenovo LOQ 13th Gen,Lenovo LOQ 13th Gen,72990,Intel Core i5 13th Gen,16GB,Windows 11,512GB SSD,15.6,4,Lenovo LOQ Gen 10 (2025)  Is This the Best Midrange ...,"In this video, I did an unboxing and review of the Lenovo LOQ Gen 10 2025, specifically the i7 14th Gen 14700HX RTX 5060 variant, ...",3
Lenovo LOQ 13th Gen,Lenovo LOQ 13th Gen,72990,Intel Core i5 13th Gen,16GB,Windows 11,512GB SSD,15.6,4,Lenovo LOQ (2025) Review - Expert Analysis & Best Deals ...,"The Lenovo LOQ (2025) is the best ""budget"" gaming laptop at its price point. At $1,299, it delivers solid gaming performance with the AMD Ryzen ...",4
Lenovo LOQ 13th Gen,Lenovo LOQ 13th Gen,72990,Intel Core i5 13th Gen,16GB,Windows 11,512GB SSD,15.6,4,Lenovo LOQ 15 Review - budget compromises done right!,"Below the Lenovo Legion Line-Up, they introduced the LOQ series not too long ago, and with the 2024 redesign, the ""budget"" gaming laptop is ...",3
Lenovo LOQ 13th Gen,Lenovo LOQ 13th Gen,72990,Intel Core i5 13th Gen,16GB,Windows 11,512GB SSD,15.6,4,Is Lenovo a good laptop in 2025?,"Whether you're looking for a thin-and-light business laptop, a beastly gaming laptop, or anything in between, the best Lenovo laptops are well worth considering. Lenovo laptops consistently rank highly among the best laptops, so if you're in the market for a new laptop in 2025, they're a great place to start.",5
Lenovo LOQ 13th Gen,Lenovo LOQ 13th Gen,72990,Intel Core i5 13th Gen,16GB,Windows 11,512GB SSD,15.6,4,Is asus tuf better than Lenovo LOQ build quality?,"The ASUS has a sturdier build, a better keyboard and touchpad, a faster SSD, and a longer battery life in light uses. It also has a higher-end 240Hz QHD display option with full DCI P3 coverage, making it suitable for color-critical work. However, the LOQ 15 has a better webcam and doesn't get as hot under load.",4
Lenovo LOQ 13th Gen,Lenovo LOQ 13th Gen,72990,Intel Core i5 13th Gen,16GB,Windows 11,512GB SSD,15.6,4,Is the Lenovo LOQ a military grade laptop?,"Built to withstand the rigors of everyday use, this laptop meets strict MIL-STD-810H military-grade standards, ensuring it can handle whatever life throws its way.",3
Lenovo LOQ 13th Gen,Lenovo LOQ 13th Gen,72990,Intel Core i5 13th Gen,16GB,Windows 11,512GB SSD,15.6,4,Lenovo Made The LOQ WORSE!? - LOQ Essential Review,The lock essential is fairly lightweight for its size the size is pretty standard for a 15-in gaming laptop and it's actually smaller than the original lock.,4
Lenovo LOQ 13th Gen,Lenovo LOQ 13th Gen,72990,Intel Core i5 13th Gen,16GB,Windows 11,512GB SSD,15.6,4,Lenovo LOQ 15 review - Legion Gaming Community,"When gaming, the laptop gets a bit warm, but the hardware does not reach dangerous heat levels, and neither is the surface of the laptop causing ...",3
Lenovo LOQ 13th Gen,Lenovo LOQ 13th Gen,72990,Intel Core i5 13th Gen,16GB,Windows 11,512GB SSD,15.6,4,What are common problems with the new LOQ?,"Hey, I'm gonna buy the new LOQ. Are there any problems with the new generation. Like hot vram or problems with battery. Want to be prepared.",2
Lenovo LOQ 13th Gen,Lenovo LOQ 13th Gen,72990,Intel Core i5 13th Gen,16GB,Windows 11,512GB SSD,15.6,4,What are the pros and cons of using Lenovo LOQ 15IRX9 ...,"Asking those who are using Lenovo LOQ 15IRX9 (83DVOOE8PH) for gaming if you encountered any problems? I plan to choose this and add another 8GB ram. Also, ...",2
Lenovo LOQ 13th Gen,Lenovo LOQ 13th Gen,72990,Intel Core i5 13th Gen,16GB,Windows 11,512GB SSD,15.6,4,Terrible-battery-life-for-LOQ,"Lenovo LOQ series is a waste of money. I'm also facing this issue. I have a week old laptop, it's thermals are off the chart, battery won't even ...",1
Lenovo LOQ 13th Gen,Lenovo LOQ 13th Gen,72990,Intel Core i5 13th Gen,16GB,Windows 11,512GB SSD,15.6,4,Lenovo LOQ 2024 review | Croma Unboxed,"The Lenovo LOQ 2024 comes with decent battery life and will last you about four to five hours without it plugged in. This is with normal, non- ...",3
Lenovo LOQ 13th Gen,Lenovo LOQ 13th Gen,72990,Intel Core i5 13th Gen,16GB,Windows 11,512GB SSD,15.6,4,"Lenovo LOQ 13th Gen, 39.62cms - Intel i7 (Storm Grey)",In Lenovo vantage software put your thermals mode to QUIET and GPU mode to Hybrid- Igpu only. One can easily get 4 to 5 hours of battery backup. Processor ...,3
Lenovo LOQ 13th Gen,Lenovo LOQ 13th Gen,72990,Intel Core i5 13th Gen,16GB,Windows 11,512GB SSD,15.6,4,Lenovo LOQ 2024 all issues tested !! Unexpected Results| Hindi,"... Lenovo LOQ 15. There were many issues reported by users such as backlit bleeding, motherboard failure, battery drain while charging, overheating ...",1
Lenovo LOQ 13th Gen,Lenovo LOQ 13th Gen,72990,Intel Core i5 13th Gen,16GB,Windows 11,512GB SSD,15.6,4,"Lenovo LOQ 13th Gen (15, Intel)",In Lenovo vantage software put your thermals mode to QUIET and GPU mode to Hybrid- Igpu only. One can easily get 4 to 5 hours of battery backup. Processor ...,3
Lenovo LOQ 13th Gen,Lenovo LOQ 13th Gen,72990,Intel Core i5 13th Gen,16GB,Windows 11,512GB SSD,15.6,4,Does the Lenovo LOQ have good battery life?,And powerful laptops don't usually don't come uh don't uh like have great battery life because they are they are using a lot of power. So uh since this laptop is actually using a lot of power.,5
Lenovo LOQ 13th Gen,Lenovo LOQ 13th Gen,72990,Intel Core i5 13th Gen,16GB,Windows 11,512GB SSD,15.6,4,How to reduce heating in Lenovo LOQ?,"Yes, closing unnecessary background processes can help reduce the workload on your laptop's central processing unit (CPU) and graphics processing unit (GPU), thereby lowering heat generation. Use the Task Manager (Ctrl+Shift+Esc) on Windows and close them if they are not essential.",3
Acer Aspire 7,Acer Aspire 7,55990,AMD Ryzen 5,16GB,Windows 11,512GB SSD,15.6,3,acer Aspire 7 Gaming 12th Gen Intel Core i5-(12 cores) (8 ...,Top reviews from India  not to buy acer laptops  Almost perfect for the right user  Disappointed  Average  It's like not using laptop  Don't waste your money.,1
Acer Aspire 7,Acer Aspire 7,55990,AMD Ryzen 5,16GB,Windows 11,512GB SSD,15.6,3,Acer Laptop Aspire 7,"Aspire, AMD Ryzen 7-7730U, 16GB RAM, 512GB SSD, Full HD 15.6""/39.62cm, Windows 11 Home, Pure Silver, 1.79KG, AS15-42, WiFi 6, AMD Graphics, Backlit Keyboard, ...",3
Acer Aspire 7,Acer Aspire 7,55990,AMD Ryzen 5,16GB,Windows 11,512GB SSD,15.6,3,"Acer Aspire 7 review: practical, affordable and relatively ...","The Acer Aspire 7 A715-76G is a relatively powerful laptop let down by a dull screen. It has a decent battery life, it's very affordable for the hardware it ...",4
Acer Aspire 7,Acer Aspire 7,55990,AMD Ryzen 5,16GB,Windows 11,512GB SSD,15.6,3,Acer Aspire 7 | i5 12th gen | Long Term Review,"RTX 3050 (4GB) Thin Gaming Laptop Under Rs.60,000/- | Acer Aspire 7 (2023) i5-12450H. Venom's Tech  384K views ; Buying a Used Laptop: An Experts ...",3
Acer Aspire 7,Acer Aspire 7,55990,AMD Ryzen 5,16GB,Windows 11,512GB SSD,15.6,3,Acer Aspire 7 review: A good WFH laptop with gaming chops,"The Acer Aspire 7 is a solid choice if you're looking to get work done at home as well as game, create content or anything else you'd do on your average laptop.",3
Acer Aspire 7,Acer Aspire 7,55990,AMD Ryzen 5,16GB,Windows 11,512GB SSD,15.6,3,Acer Aspire 7 Laptop Review: A Comprehensive Guide,"The Acer Aspire 7 Laptop is highly favored for its robust performance, stylish design, and affordability. The combination of the 12th Gen Intel Core i5 ...",3
Acer Aspire 7,Acer Aspire 7,55990,AMD Ryzen 5,16GB,Windows 11,512GB SSD,15.6,3,Acer Aspire 7 Review Best MidRange Laptop for Data & ...,"Reviewing the Acer Aspire 7 with Ryzen 5 5500U and GTX 1650: Ideal for students balancing data analytics, visualization tools, and moderate ...",3
Acer Aspire 7,Acer Aspire 7,55990,AMD Ryzen 5,16GB,Windows 11,512GB SSD,15.6,3,Acer Aspire 7 REVIEW,Don't Buy Aspire 7 before Watching this Video | Acer Aspire 7 Review ... After 5 Months Acer Aspire 7 | Core i5 | 12 Gen | Laptop Display Test & Review.,3
Acer Aspire 7,Acer Aspire 7,55990,AMD Ryzen 5,16GB,Windows 11,512GB SSD,15.6,3,Is the Aspire 7 worth buying?,"The Acer Aspire 7's insides are dated, but very powerful given the price. There's a 12th-gen Intel Core i5 CPU of the performance-driven H-series, which is two generations behind the latest laptops on shelves. The Nvidia RTX 2050 is an entry-level graphics card, also from two generations ago.",4
Acer Aspire 7,Acer Aspire 7,55990,AMD Ryzen 5,16GB,Windows 11,512GB SSD,15.6,3,Is the Acer Aspire 7 good for students?,"The Acer Aspire 7 makes the most sense for students who need one laptop for academics, portfolio building, casual gaming, and creative side projects.",3
Acer Aspire 7,Acer Aspire 7,55990,AMD Ryzen 5,16GB,Windows 11,512GB SSD,15.6,3,Latest Review of Acer Aspire 7 2023 Core I5 12th Gen 16 ...,4.0  Value-for-money  Nitin Kastil ; 3.0  Does the job  Flipkart Customer ; 4.0  Very Good  Jabaj Mulani ; 5.0  Wonderful  Manoj Kumar ; 5.0  Fabulous!  Rohan Bane.,3
Acer Aspire 7,Acer Aspire 7,55990,AMD Ryzen 5,16GB,Windows 11,512GB SSD,15.6,3,Acer aspire 7 good or not? : r/IndianGaming,I have already placed the order for this laptop and everyone is saying overheating will damage your laptop and it will not work after 1 or 2 year use and ...,1
Acer Aspire 7,Acer Aspire 7,55990,AMD Ryzen 5,16GB,Windows 11,512GB SSD,15.6,3,Acer Aspire 7 I5 14th Gen Intel Core 5 210h 16 Gb 512 ...,"Best budget deal in 2026.I really liked its performance, it can be done by just charging the battery, which is seen in every gaming laptop.... SAMEER KHAN.",4
Acer Aspire 7,Acer Aspire 7,55990,AMD Ryzen 5,16GB,Windows 11,512GB SSD,15.6,3,Acer Aspire 7 | i5 12th gen | Long Term Review,"15:55. Go to channel Yash Agarwal  Acer Aspire 7 Long-Term Review: 1 year In, Is It Still Worth It? Yash Agarwal. Auto-dubbed. 9.8K views.",4
Acer Aspire 7,Acer Aspire 7,55990,AMD Ryzen 5,16GB,Windows 11,512GB SSD,15.6,3,Acer Aspire 7 Intel Core I5 12th Gen 12450h 8 Gb 512 ...,Performance is good. The display is also good. ...felt till now. ...speed is slow Battery consumption is high Display average  It is a very good laptop with ...,2
Acer Aspire 7,Acer Aspire 7,55990,AMD Ryzen 5,16GB,Windows 11,512GB SSD,15.6,3,Latest Review of Acer Aspire 7 Ryzen Quad Core 8 Gb 512 ...,Got the delievery in less than 24 hours. Excellent packing. It gives you the power of Nvidia GeForce GTX 1650 in such a less sum of money.,4
Acer Aspire 7,Acer Aspire 7,55990,AMD Ryzen 5,16GB,Windows 11,512GB SSD,15.6,3,"Acer Aspire 7 review: practical, affordable and relatively ...","The Acer Aspire 7 A715-76G is a relatively powerful laptop let down by a dull screen. It has a decent battery life, it's very affordable for the hardware it ...",4
Acer Aspire 7,Acer Aspire 7,55990,AMD Ryzen 5,16GB,Windows 11,512GB SSD,15.6,3,"Acer Aspire 7 review: good for work, not bad for occasional ...","It's seriously powerful considering it costs less than 700, has a large screen for comfy all-day use, and can do the job for some light (and actually not-so- ...",4
Acer Aspire 7,Acer Aspire 7,55990,AMD Ryzen 5,16GB,Windows 11,512GB SSD,15.6,3,Acer Aspire 7 I5 14th Gen Intel Core 5 210h 16 Gb 512 ...,"This was the best decision I have made so far. Acer aspire 7 RTX4050 laptop is the best for me. Best budget deal in 2026.I really liked its performance, ...",4
Acer Aspire 7,Acer Aspire 7,55990,AMD Ryzen 5,16GB,Windows 11,512GB SSD,15.6,3,Acer Aspire 7 review: A good WFH laptop with gaming chops,"The Acer Aspire 7 is a solid choice if you're looking to get work done at home as well as game, create content or anything else you'd do on your average laptop.",3
Acer Aspire 7,Acer Aspire 7,55990,AMD Ryzen 5,16GB,Windows 11,512GB SSD,15.6,3,What are common problems with Acer Aspire 7?,"Overheating: Overheating the laptop can cause the screen flickering issue. Software issues: Some software or apps may cause some problems, leading to screen flickering. Incorrect refresh rate: An incorrect refresh rate setting may also result in a flickering screen issue.",1
Acer Aspire 7,Acer Aspire 7,55990,AMD Ryzen 5,16GB,Windows 11,512GB SSD,15.6,3,Is Acer Aspire 7 good enough? : r/IndianGaming,"I know this is not the best one in terms of pure specs around 65k range. But i want a solid build, proper after sales and some decent battery life. I ...",4
Acer Aspire 7,Acer Aspire 7,55990,AMD Ryzen 5,16GB,Windows 11,512GB SSD,15.6,3,Acer Aspire 7 user experience and feedback needed,Is there anyone here using Acer Aspire 7? I wanna hear your feedback/experience in using your device. I'm planning to buy one as it is much ...,3
Acer Aspire 7,Acer Aspire 7,55990,AMD Ryzen 5,16GB,Windows 11,512GB SSD,15.6,3,Should I buy an Acer Aspire 7 today or go with some other ...,Should I buy an Acer Aspire 7 today or go with some other option?,3
Acer Aspire 7,Acer Aspire 7,55990,AMD Ryzen 5,16GB,Windows 11,512GB SSD,15.6,3,What are common problems with Acer Aspire 7?,"Overheating: Overheating the laptop can cause the screen flickering issue. Software issues: Some software or apps may cause some problems, leading to screen flickering. Incorrect refresh rate: An incorrect refresh rate setting may also result in a flickering screen issue.",1
Acer Aspire 7,Acer Aspire 7,55990,AMD Ryzen 5,16GB,Windows 11,512GB SSD,15.6,3,"Acer Aspire 7 Review, Score 4/10 : r/AcerOfficial","It has poor portability, and gets hot very fast and while actively working (Software development) it lasts 2 hours without charger plugged in.",4
Acer Aspire 7,Acer Aspire 7,55990,AMD Ryzen 5,16GB,Windows 11,512GB SSD,15.6,3,"Acer Aspire 7 review: good for work, not bad for occasional ...","It's seriously powerful considering it costs less than 700, has a large screen for comfy all-day use, and can do the job for some light (and actually not-so- ...",4
Acer Aspire 7,Acer Aspire 7,55990,AMD Ryzen 5,16GB,Windows 11,512GB SSD,15.6,3,Acer Aspire 7 A715-76G Laptop Review,"The Acer Aspire 7 A715-76G is a fairly thin laptop that boasts a good set of necessary ports, equipped with a backlit keyboard, and is capable of delivering ...",3
Acer Aspire 7,Acer Aspire 7,55990,AMD Ryzen 5,16GB,Windows 11,512GB SSD,15.6,3,Acer Aspire 7 Series Laptops In India,"15.6"" (39.62 cm), 1920 x 1080 px, LED Display  Intel Core i5-9300H, 4.1 GHz, Quad-Core  8 GB DDR4 RAM, 512 GB SSD  4 GB NVIDIA Geforce GTX 1650 Ti GPU  8.5 Hrs ...",3
Acer Aspire 7,Acer Aspire 7,55990,AMD Ryzen 5,16GB,Windows 11,512GB SSD,15.6,3,Acer Aspire 7 Laptop Review and Benchmarks,The Acer Aspire 7 laptop features an Intel quad-core CPU and nvidia 1050 TI graphics so let's put it through its paces and find out what it's capable of.,3
Acer Aspire 7,Acer Aspire 7,55990,AMD Ryzen 5,16GB,Windows 11,512GB SSD,15.6,3,Acer Aspire 7 A715-71G review - powerful multimedia ...,"The Aspire 7 is pretty much what you'd expect a modern 15-inch multimedia laptop to be. It's well built, gets an IPS display, a decent keyboard and latest ...",3
Acer Aspire 7,Acer Aspire 7,55990,AMD Ryzen 5,16GB,Windows 11,512GB SSD,15.6,3,Acer Aspire Go 15 (2025) review: An affordable laptop that ...,"The Acer Aspire Go 15 (2025) is a utilitarian machine with limited memory and disappointing battery life. While it's priced competitively, ...",3
Acer Aspire 7,Acer Aspire 7,55990,AMD Ryzen 5,16GB,Windows 11,512GB SSD,15.6,3,Is Acer a good laptop in 2025?,"Acer might not shout as loudly as some of its competitors, but it's quietly built a reputation for offering solid laptops at every price point. From pocket-friendly student machines to beefy gaming rigs, Acer has something for everyone - and that's exactly what makes it such a reliable brand to buy into in 2025.",3
Acer Aspire 7,Acer Aspire 7,55990,AMD Ryzen 5,16GB,Windows 11,512GB SSD,15.6,3,What are common problems with Acer Aspire 7?,"Overheating: Overheating the laptop can cause the screen flickering issue. Software issues: Some software or apps may cause some problems, leading to screen flickering. Incorrect refresh rate: An incorrect refresh rate setting may also result in a flickering screen issue.",1
Acer Aspire 7,Acer Aspire 7,55990,AMD Ryzen 5,16GB,Windows 11,512GB SSD,15.6,3,Acer aspire 7 good or not? : r/IndianGaming,I have already placed the order for this laptop and everyone is saying overheating will damage your laptop and it will not work after 1 or 2 year use and ...,1
Acer Aspire 7,Acer Aspire 7,55990,AMD Ryzen 5,16GB,Windows 11,512GB SSD,15.6,3,acer aspire 7 Is my new laptop's short battery life ...,"Hello everyone. few days ago, I bought acer aspire 7 2022 model with i5 1240P, RTX 3050 and 16 GB dual channel RAM. I am statified overall, but the battery ...",3
Acer Aspire 7,Acer Aspire 7,55990,AMD Ryzen 5,16GB,Windows 11,512GB SSD,15.6,3,Acer Aspire 7 (A715-75G) - Top 5 Pros and Cons,"Battery life. With a 50Wh unit, we didn't expect something spectacular, however, the laptop delivered 11 hours and 18 minutes of Web browsing ...",3
Acer Aspire 7,Acer Aspire 7,55990,AMD Ryzen 5,16GB,Windows 11,512GB SSD,15.6,3,"Acer Aspire 7 review: good for work, not bad for occasional ...","A processor that can gulp power at a decent rate is usually not great news for battery life. Sure enough, you're not going to get the Aspire 7 to last all day.",4
Acer Aspire 7,Acer Aspire 7,55990,AMD Ryzen 5,16GB,Windows 11,512GB SSD,15.6,3,Acer Aspire 7 Review | Buy or Not? #acer,This is one of the best budget laptops in the market and it doesn't look budget it looks good and it doesn't feel premium but it looks good.,4
Acer Aspire 7,Acer Aspire 7,55990,AMD Ryzen 5,16GB,Windows 11,512GB SSD,15.6,3,Should I buy an Acer Aspire 7 i5 12450H RTX 2050 laptop ...,Pros-. Lightweight and fast; Sleek design; Good CPU and RAM; handy; Good for students. Cons-. Battery life is not up to that mark; No backlit ...,5
Acer Aspire 7,Acer Aspire 7,55990,AMD Ryzen 5,16GB,Windows 11,512GB SSD,15.6,3,Acer Aspire 7 Review Best MidRange Laptop for Data & ...,"It can run warm under long gaming or export sessions, but using a laptop stand and good airflow usually keeps it manageable. Q. Is the Acer ...",3
Acer Aspire 7,Acer Aspire 7,55990,AMD Ryzen 5,16GB,Windows 11,512GB SSD,15.6,3,"Acer Aspire 7 review: practical, affordable and relatively ...","It has a decent battery life, it's very affordable for the hardware it contains and it works really well when it comes to non-visual jobs.",3
Acer Aspire 7,Acer Aspire 7,55990,AMD Ryzen 5,16GB,Windows 11,512GB SSD,15.6,3,What are common problems with Acer Aspire 7?,"Overheating: Overheating the laptop can cause the screen flickering issue. Software issues: Some software or apps may cause some problems, leading to screen flickering. Incorrect refresh rate: An incorrect refresh rate setting may also result in a flickering screen issue.",1
Asus TUF Gaming F15,Asus TUF Gaming F15,89990,Intel Core i7 13th Gen,16GB,Windows 11,1TB SSD,15.6,4,"Buy ASUS TUF Gaming F15 (2021), 15.6"" (39.62 cms) FHD ...","Customers find the gaming laptop performs well and is good value for money, particularly as one of the best budget 144Hz laptops. They appreciate its build ...",4
Asus TUF Gaming F15,Asus TUF Gaming F15,89990,Intel Core i7 13th Gen,16GB,Windows 11,1TB SSD,15.6,4,Why is EVERYONE Buying this Budget Gaming Laptop ...,The Asus tough F-15 isn't too bad the build quality and design is way nicer compared to others like msi's gf63.,2
Asus TUF Gaming F15,Asus TUF Gaming F15,89990,Intel Core i7 13th Gen,16GB,Windows 11,1TB SSD,15.6,4,ASUS TUF F15 Review Analysis: Insightful Buyer's Guide,"The ASUS TUF Gaming F15 receives mixed reviews from users, highlighting impressive performance for gaming and programming, particularly with a powerful i7 CPU ...",5
Asus TUF Gaming F15,Asus TUF Gaming F15,89990,Intel Core i7 13th Gen,16GB,Windows 11,1TB SSD,15.6,4,"1 Year Performance(Gaming) review of Asus Tuf F15, Best ...","Last year in 2021, I had bought asus Tuf F15 2020 model with i5 10h and 1650ti 8gb ram 144hz. It was around 63000 rupees. Then i had upgraded my ram ...",3
Asus TUF Gaming F15,Asus TUF Gaming F15,89990,Intel Core i7 13th Gen,16GB,Windows 11,1TB SSD,15.6,4,Asus TUF Gaming F15 (2022) review: Who needs ROG?,The Asus TUF Gaming F15 gives you exactly what you want from a great gaming laptop: plenty of power at a nice price.,4
Asus TUF Gaming F15,Asus TUF Gaming F15,89990,Intel Core i7 13th Gen,16GB,Windows 11,1TB SSD,15.6,4,HOT ! Asus Tuf F15 Amazon Asus Laptop Tuf Amazon Asus ...,"Asus Tuf F15 Amazon Asus Laptop Tuf Amazon Asus TUF F15 Gaming Laptop Review IGN. ... Customer reviews. Recommendation level 4.3. Currently, 194 reviews have ...",3
Asus TUF Gaming F15,Asus TUF Gaming F15,89990,Intel Core i7 13th Gen,16GB,Windows 11,1TB SSD,15.6,4,ASUS TUF Gaming F15 Review: Pure Performance! | Guiding ...,The i9 processor coupled with the rtx 3060 can handle pretty much everything you throw at it without breaking a sweat.,3
Asus TUF Gaming F15,Asus TUF Gaming F15,89990,Intel Core i7 13th Gen,16GB,Windows 11,1TB SSD,15.6,4,ASUS TUF Gaming F15 (2022) - Review,"The TUF F15 (2022) offers superb performance, a vibrant display, a comfortable keyboard, and powerful audio while maintaining good battery life.",5
Asus TUF Gaming F15,Asus TUF Gaming F15,89990,Intel Core i7 13th Gen,16GB,Windows 11,1TB SSD,15.6,4,Is asus tuf F15 good or bad?,"TUF F15 can be used both for gaming and productivity, overall, this is a highly-recommended gaming laptop for all the Indian gamers who need the absolute best performance for the price you pay. There is a notable increase in performance, and the screen options are much better.",4
Asus TUF Gaming F15,Asus TUF Gaming F15,89990,Intel Core i7 13th Gen,16GB,Windows 11,1TB SSD,15.6,4,Is the ASUS TUF Gaming 15 good?,"With its outstanding price/performance ratio, well-balanced configuration and impressive battery life, it's a sure bet in this segment. The 2023 Asus TUF Gaming A15 is the most recommendable computer in the manufacturer's affordable range.",5
Asus TUF Gaming F15,Asus TUF Gaming F15,89990,Intel Core i7 13th Gen,16GB,Windows 11,1TB SSD,15.6,4,Is the ASUS TUF Gaming F15 durable?,One of the standout features that really sets the ASUS TUF Gaming F15 apart from the crowd is its incredible durability.,3
Asus TUF Gaming F15,Asus TUF Gaming F15,89990,Intel Core i7 13th Gen,16GB,Windows 11,1TB SSD,15.6,4,Is asus tuf F15 better than hp victus?,"The ASUS TUF Dash F15 (2022) is better than the HP Victus 15 (2022) for most uses. The ASUS has a sturdier build, longer battery life, and a better port selection. It's also available with better displays, like an FHD 300Hz and QHD 165Hz panel, as well as higher-end GPUs, like RTX 3060 and 3070.",3
Asus TUF Gaming F15,Asus TUF Gaming F15,89990,Intel Core i7 13th Gen,16GB,Windows 11,1TB SSD,15.6,4,Asus Tuf Gaming F15 Core I5 10th Gen 10300h 8 Gb 512 ...,"...budget gaming , absolutely BE@ST , No Doubt. RGB lights , Awesome. Very good experience in FPS gaming. Definately... Md yeah yea ...",3
Asus TUF Gaming F15,Asus TUF Gaming F15,89990,Intel Core i7 13th Gen,16GB,Windows 11,1TB SSD,15.6,4,Asus Tuf Gaming F15 Intel Core I7 11th Gen 11800h 16 Gb ...,Very good Experience withis laptop only display quality is Normal beside everything is better add external monitor it will add the power of 2 display and works ...,3
Asus TUF Gaming F15,Asus TUF Gaming F15,89990,Intel Core i7 13th Gen,16GB,Windows 11,1TB SSD,15.6,4,Asus Tuf Gaming F15 90whrs Battery Intel Core I7 13th ...,"The ASUS TUF F15: A Gaming Laptop Review: I recently purchased the ASUS TUF F15, and I must say, it has far exceeded my expectations.",3
Asus TUF Gaming F15,Asus TUF Gaming F15,89990,Intel Core i7 13th Gen,16GB,Windows 11,1TB SSD,15.6,4,Asus Tuf Gaming F15 Intel Core I7 12th Gen 12700h 16 Gb ...,"I especially bought the RTX 3060 version with QHD display. And the combination is awesome. Bests in class for gaming, productivity, streaming and ...",4
Asus TUF Gaming F15,Asus TUF Gaming F15,89990,Intel Core i7 13th Gen,16GB,Windows 11,1TB SSD,15.6,4,ASUS TUF Gaming F15 (2022) - Review,"The new TUF F15's gaming performance is really impressive, the MUX switch enhances the whole experience. It also comes with a great CPU. I highly recommend this ...",5
Asus TUF Gaming F15,Asus TUF Gaming F15,89990,Intel Core i7 13th Gen,16GB,Windows 11,1TB SSD,15.6,4,AI Powered Gaming Laptop Review & Price,CPU/General Perform8.5/10. GPU/Gaming Perform8.0/10. Display 7.5/10. Build/Design/Durability8.5/10. Storage / SSD 7.5/10. RAM & Multitasking 8.0/10,3
Asus TUF Gaming F15,Asus TUF Gaming F15,89990,Intel Core i7 13th Gen,16GB,Windows 11,1TB SSD,15.6,4,Ye Kaisa Combination Hai? Asus TUF Gaming F15 | RTX 2050,"Buy Here ASUS TUF Gaming F15, Intel Core i5-11400H 11th Gen, FHD 144Hz, Gaming Laptop (16GB/512GB SSD/4GB NVIDIA GeForce RTX 2050/Win ...",3
Asus TUF Gaming F15,Asus TUF Gaming F15,89990,Intel Core i7 13th Gen,16GB,Windows 11,1TB SSD,15.6,4,Asus Tuf Gaming F15 Core I7 11th Gen 16 Gb 1 Tb Ssd ...,Read Latest Reviews of Asus Tuf Gaming F15 Core I7 11th Gen 16 Gb 1 Tb ... User reviews sorted by. Highly recommended. Review for: Color Graphite Black ...,4
Asus TUF Gaming F15,Asus TUF Gaming F15,89990,Intel Core i7 13th Gen,16GB,Windows 11,1TB SSD,15.6,4,Asus TUF Gaming F15 Price (25 May 2026) Specification & ...,"71,990. Asus TUF Gaming F15 User Review and Ratings. 4.0 1 rating. 5 . 4 . 1; 3 . 2 . 1 . Write Your Review. Asus TUF Gaming F15 News.",3
Asus TUF Gaming F15,Asus TUF Gaming F15,89990,Intel Core i7 13th Gen,16GB,Windows 11,1TB SSD,15.6,4,Is asus tuf gaming F15 good or bad?,"All in all, this AMD-based 2022 Asus TUF Gaming F15 series is an excellent performer within its class, a significant step-up in capabilities from the previous generation, and faster in GPU loads and even Crosloads than the AMD-based TUF A15 variant of the same series.",5
Asus TUF Gaming F15,Asus TUF Gaming F15,89990,Intel Core i7 13th Gen,16GB,Windows 11,1TB SSD,15.6,4,Is the ASUS TUF Gaming 15 good?,"With its outstanding price/performance ratio, well-balanced configuration and impressive battery life, it's a sure bet in this segment. The 2023 Asus TUF Gaming A15 is the most recommendable computer in the manufacturer's affordable range.",5
Asus TUF Gaming F15,Asus TUF Gaming F15,89990,Intel Core i7 13th Gen,16GB,Windows 11,1TB SSD,15.6,4,Is the ASUS TUF F15 durable?,"Military-grade durability makes every TUF gaming laptop a road warrior ready for all of life's extremes. Be stealthy with sleek Fortress Gray, or go bold in crimson-striped Bonfire Black.",3
Asus TUF Gaming F15,Asus TUF Gaming F15,89990,Intel Core i7 13th Gen,16GB,Windows 11,1TB SSD,15.6,4,Is asus tuf F15 better than hp victus?,"The ASUS TUF Dash F15 (2022) is better than the HP Victus 15 (2022) for most uses. The ASUS has a sturdier build, longer battery life, and a better port selection. It's also available with better displays, like an FHD 300Hz and QHD 165Hz panel, as well as higher-end GPUs, like RTX 3060 and 3070.",3
Asus TUF Gaming F15,Asus TUF Gaming F15,89990,Intel Core i7 13th Gen,16GB,Windows 11,1TB SSD,15.6,4,Is Asus TUF F15 WORTH IT? : r/Asustuf,"All in all, it's a good, reliable and dependable laptop, battery life can go anywhere between 2 and 4 hours depending on the use, and optimal ...",3
Asus TUF Gaming F15,Asus TUF Gaming F15,89990,Intel Core i7 13th Gen,16GB,Windows 11,1TB SSD,15.6,4,r/Asustuf,"My ~4 year old TUF Dash F15 FX516PM (512 GB stock SSD, 16 GB of RAM, Core i7 11370H, RTX 3060, Windows 11 25H2) has recently stopped charging to 100% a month ...",3
Asus TUF Gaming F15,Asus TUF Gaming F15,89990,Intel Core i7 13th Gen,16GB,Windows 11,1TB SSD,15.6,4,AsusTUF,"Right now I use an ASUS TUF Gaming A15 (Ryzen 7 4800H, 32GB RAM, RTX 3050 4GB, 1.5TB SSD). I've had it for 4.5 years and it still works great. I'm a ...",4
Asus TUF Gaming F15,Asus TUF Gaming F15,89990,Intel Core i7 13th Gen,16GB,Windows 11,1TB SSD,15.6,4,Is asus tuf gaming F15 good or bad?,"All in all, this AMD-based 2022 Asus TUF Gaming F15 series is an excellent performer within its class, a significant step-up in capabilities from the previous generation, and faster in GPU loads and even Crosloads than the AMD-based TUF A15 variant of the same series.",5
Asus TUF Gaming F15,Asus TUF Gaming F15,89990,Intel Core i7 13th Gen,16GB,Windows 11,1TB SSD,15.6,4,Is the ASUS TUF entry level?,"People who own ASUS laptops know that the entry-level gaming laptop can be found in the TUF series, and it is more than capable of delivering a great gaming experience. The ASUS TUF Gaming F15 FX507VU-LP083WS is a great gaming laptop for beginners.",4
Asus TUF Gaming F15,Asus TUF Gaming F15,89990,Intel Core i7 13th Gen,16GB,Windows 11,1TB SSD,15.6,4,Is the ASUS TUF Gaming F15 durable?,One of the standout features that really sets the ASUS TUF Gaming F15 apart from the crowd is its incredible durability.,3
Asus TUF Gaming F15,Asus TUF Gaming F15,89990,Intel Core i7 13th Gen,16GB,Windows 11,1TB SSD,15.6,4,Is asus tuf F15 better than hp victus?,"The ASUS TUF Dash F15 (2022) is better than the HP Victus 15 (2022) for most uses. The ASUS has a sturdier build, longer battery life, and a better port selection. It's also available with better displays, like an FHD 300Hz and QHD 165Hz panel, as well as higher-end GPUs, like RTX 3060 and 3070.",3
Asus TUF Gaming F15,Asus TUF Gaming F15,89990,Intel Core i7 13th Gen,16GB,Windows 11,1TB SSD,15.6,4,Is the Asus Tuf Gaming F15 laptop worth it?,"I'm looking to get a good laptop that i can game on, and the F15 falls right into my budget. The specs are: RTX 3050 4GB I5 11400H 16GB's of ram I looked ...",3
Asus TUF Gaming F15,Asus TUF Gaming F15,89990,Intel Core i7 13th Gen,16GB,Windows 11,1TB SSD,15.6,4,AI Powered Gaming Laptop Review & Price,"ASUS TUF Gaming F15 combines AI-powered performance, durable design, high-refresh display, and immersive graphics, perfect for gamers and creators alike.",4
Asus TUF Gaming F15,Asus TUF Gaming F15,89990,Intel Core i7 13th Gen,16GB,Windows 11,1TB SSD,15.6,4,Asus TUF Gaming F15 Review: TUF is 'TOUGH ...,"In this video, I have reviewed the Asus TUF Gaming F15 which brings a host of improvements and upgrades over its predecessor.",3
Asus TUF Gaming F15,Asus TUF Gaming F15,89990,Intel Core i7 13th Gen,16GB,Windows 11,1TB SSD,15.6,4,ASUS TUF Gaming F15Laptops For GamingASUS USA,"Geared for serious gaming and real-world durability, the TUF Gaming F15 is a fully-loaded Windows 10 Pro gaming laptop that can carry you to victory.",3
Asus TUF Gaming F15,Asus TUF Gaming F15,89990,Intel Core i7 13th Gen,16GB,Windows 11,1TB SSD,15.6,4,Top 10 Best-Selling Gaming Laptops  ASUS TUF ...,[January 2025] Amazon UK: Top 10 Best-Selling Gaming Laptops  ASUS TUF Gaming F15 Claims the Throne. LaptopMedia.com Highlights [January 2025] ...,4
Asus TUF Gaming F15,Asus TUF Gaming F15,89990,Intel Core i7 13th Gen,16GB,Windows 11,1TB SSD,15.6,4,Why is EVERYONE Buying this Budget Gaming Laptop ...,The Asus tough F-15 isn't too bad the build quality and design is way nicer compared to others like msi's gf63.,2
Asus TUF Gaming F15,Asus TUF Gaming F15,89990,Intel Core i7 13th Gen,16GB,Windows 11,1TB SSD,15.6,4,Asus TUF Gaming F15 Price (25 May 2026) Specification & ...,Asus TUF Gaming F15 is a Windows 10 Professional laptop with a 15.60-inch display. It is powered by a Core i5 processor. Graphics are powered by Nvidia GeForce ...,3
Asus TUF Gaming F15,Asus TUF Gaming F15,89990,Intel Core i7 13th Gen,16GB,Windows 11,1TB SSD,15.6,4,Is the ASUS TUF F15 worth buying?,"TUF F15 can be used both for gaming and productivity, overall, this is a highly-recommended gaming laptop for all the Indian gamers who need the absolute best performance for the price you pay. There is a notable increase in performance, and the screen options are much better.",4
Asus TUF Gaming F15,Asus TUF Gaming F15,89990,Intel Core i7 13th Gen,16GB,Windows 11,1TB SSD,15.6,4,Are ASUS TUF laptops good in 2025?,"The ASUS TUF Gaming F16 FX608JH (2025) sets a strong standard in the value segment. With a solid display and advanced cooling for well-managed thermals, it's a capable daily driver and gaming workhorse. In short, the ASUS TUF Gaming F16 is great for demanding creators and gamers.",4
Asus TUF Gaming F15,Asus TUF Gaming F15,89990,Intel Core i7 13th Gen,16GB,Windows 11,1TB SSD,15.6,4,Is the ASUS TUF Gaming F15 durable?,One of the standout features that really sets the ASUS TUF Gaming F15 apart from the crowd is its incredible durability.,3
Asus TUF Gaming F15,Asus TUF Gaming F15,89990,Intel Core i7 13th Gen,16GB,Windows 11,1TB SSD,15.6,4,Is the ASUS TUF 15 good for gaming?,"The Asus TUF A15 can run demanding games smoothly, thanks to its powerful specs, including the NVIDIA GeForce RTX 4070 Laptop GPU and AMD Ryzen 9 7940HS processor. ""The CPU is not the latest BUT it will perform just fine. And the 4070 is more than capable of pushing that 1080p panel at 60+ FPS!!""",5
Asus TUF Gaming F15,Asus TUF Gaming F15,89990,Intel Core i7 13th Gen,16GB,Windows 11,1TB SSD,15.6,4,While playing games on my ASUS TUF F15 while charging ...,"While playing games on my ASUS TUF F15 while charging, my laptop is heating up. Playing games without keeping the laptop plugged in results in no heating ...",2
Asus TUF Gaming F15,Asus TUF Gaming F15,89990,Intel Core i7 13th Gen,16GB,Windows 11,1TB SSD,15.6,4,Is Asus TUF F15 WORTH IT? : r/Asustuf,"All in all, it's a good, reliable and dependable laptop, battery life can go anywhere between 2 and 4 hours depending on the use, and optimal ...",3
Asus TUF Gaming F15,Asus TUF Gaming F15,89990,Intel Core i7 13th Gen,16GB,Windows 11,1TB SSD,15.6,4,Asus TUF F15 2022 pros and cons,"Hello Guys, what are your take on the Asus Tuf F15 2022? any pros and cons? just want to get your opinions on it. thanks",3
Asus TUF Gaming F15,Asus TUF Gaming F15,89990,Intel Core i7 13th Gen,16GB,Windows 11,1TB SSD,15.6,4,ASUS TUF Gaming F15 (2022) Massive heating issues,The model i have selected has massive heating issues on both gaming (temperature crosses 98* and due to this game starts lagging) and on non-gaming mode where ...,1
Asus TUF Gaming F15,Asus TUF Gaming F15,89990,Intel Core i7 13th Gen,16GB,Windows 11,1TB SSD,15.6,4,ASUS TUF Gaming F15 Overheating and Rapid Battery Drain,"The battery charges in 10 minutes, only to deplete rapidly, and occasional errors leave the screen unresponsive. Despite its warranty until 2025 ...",3
Asus TUF Gaming F15,Asus TUF Gaming F15,89990,Intel Core i7 13th Gen,16GB,Windows 11,1TB SSD,15.6,4,Asus TUF Gaming F15 Review (2022): TUF-EST around?,"The heat generation is handled quite well, and yes, the fans get loud when Turbo mode is enabled, but since this is a gaming notebook, this was ...",3
Asus TUF Gaming F15,Asus TUF Gaming F15,89990,Intel Core i7 13th Gen,16GB,Windows 11,1TB SSD,15.6,4,Asus Tuf f15 overheating - Republic of Gamers Forum - 992727,Laptop gets heated up very quickly up to the maximum temperature (83-90) even instantly after logging in to the windows. Then I somehow ...,3
HP Omen 16,HP Omen 16,139990,Intel Core i7 14th Gen,16GB,Windows 11,1TB SSD,16.1,5,HP Inc.,"HP Inc. is an American multinational information technology company with its headquarters in Palo Alto, California, that develops personal computers (PCs), ...",3
HP Omen 16,HP Omen 16,139990,Intel Core i7 14th Gen,16GB,Windows 11,1TB SSD,16.1,5,HP (@hp)  Instagram photos and videos,HP is #1. Ranked the #1 Computer Brand in 2025 by ACSI  ...,3
HP Omen 16,HP Omen 16,139990,Intel Core i7 14th Gen,16GB,Windows 11,1TB SSD,16.1,5,Amazon.in: HP,"HP Smart Tank 529 Printer. Aio Colour Ink Tank Printer (Upto 6000 Black & 6000 Colour Pages Included in The Box)- Print, Scan & Copy for Office/Home.",3
HP Omen 16,HP Omen 16,139990,Intel Core i7 14th Gen,16GB,Windows 11,1TB SSD,16.1,5,Hewlett-Packard,"HP was an American multinational information technology company. It was founded by Bill Hewlett and David Packard in 1939 in a one-car garage in Palo Alto, ...",3
HP Omen 16,HP Omen 16,139990,Intel Core i7 14th Gen,16GB,Windows 11,1TB SSD,16.1,5,HP,"Brand  HP, for your best workon Earth and beyond | HP  The HP tech powering the Bernabu | HP  Introducing HP IQ | HP. HP. 5.7K ...",4
HP Omen 16,HP Omen 16,139990,Intel Core i7 14th Gen,16GB,Windows 11,1TB SSD,16.1,5,HP Store | Buy HP Electronics Products Online at ...,"Shop from HP store online at best prices at Croma and avail amazing deals. Choose from HP Laptops, Printers, Laptop Accessories and many more at Croma.",5
HP Omen 16,HP Omen 16,139990,Intel Core i7 14th Gen,16GB,Windows 11,1TB SSD,16.1,5,Is HP Chinese or American?,"Hewlett-Packard Company (HP) Is an American multinational information technology corporation headquartered in Palo Alto, California, United States.",3
HP Omen 16,HP Omen 16,139990,Intel Core i7 14th Gen,16GB,Windows 11,1TB SSD,16.1,5,HP OMEN 16 AMD Ryzen 7 Octa Core 7840HS,"Laptop, Power Adaptor, User Guide, Warranty Documents. Laptop, Power Adaptor ... Ratings and reviews. 3.9. Good. based on 17 ratings by. Verified Buyers.",3
HP Omen 16,HP Omen 16,139990,Intel Core i7 14th Gen,16GB,Windows 11,1TB SSD,16.1,5,HP OMEN Intel Core i7 7th Gen 7700HQ,... HP : Flipkart.com. Search for products ... Ratings and reviews. 3.9. Good. based on 24 ratings by. Verified Buyers. 1. Different Configuration. 9 years ago.,3
HP Omen 16,HP Omen 16,139990,Intel Core i7 14th Gen,16GB,Windows 11,1TB SSD,16.1,5,"HP OMEN 406. cm (16) Gaming Laptop 16-am0302TX, Black","Read real, useful customer reviews for the HP OMEN 406. cm (16) Gaming Laptop 16-am0302TX, Black from actual customers at the official HP Store.",3
HP Omen 16,HP Omen 16,139990,Intel Core i7 14th Gen,16GB,Windows 11,1TB SSD,16.1,5,HP OMEN 16 Review ! *Powerful Gaming*,"HP OMEN Transcend 16 Unboxing & Review ! *Premium Gaming*. Tech Burner  841K views ; Maine 3,000 vs 30,000 AI Pet Robot Try Kiya!  New. 10K ...",3
HP Omen 16,HP Omen 16,139990,Intel Core i7 14th Gen,16GB,Windows 11,1TB SSD,16.1,5,HP OMEN 16 Intel Core i7 13th Gen 13700HX,"HP OMEN 16 Intel Core i7 13th Gen 13700HX - (16 GB/512 GB SSD/Win... more ; AD. Trending. 4.8  20% OFF. 1,44,397. 1,15,990. 1,11,990 with Bank offer ; AD. 4.3.",3
HP Omen 16,HP Omen 16,139990,Intel Core i7 14th Gen,16GB,Windows 11,1TB SSD,16.1,5,HP Omen 16 (2021) Price (25 May 2026) Specification & ...,"HP Omen 16 (2021) best price is Rs. 139999 as on 25th May 2026. See full specifications, expert reviews, user ratings, and more.",4
HP Omen 16,HP Omen 16,139990,Intel Core i7 14th Gen,16GB,Windows 11,1TB SSD,16.1,5,HP Omen 16 (2025) Review - High FPS From a Budget RTX ...,The Omen is a fairly standard size as far as 16inch gaming laptops go. It's not thin but at 1 in at its thickest point it's not quite as chunky.,3
HP Omen 16,HP Omen 16,139990,Intel Core i7 14th Gen,16GB,Windows 11,1TB SSD,16.1,5,HP OMEN Intel Core i7 12th Gen 12700H - (16 GB/1 TB ...,... 16-B1351TX Gaming Laptop Shadow Black Online - HP : Flipkart.com. Search for ... Ratings and reviews. 4.2. Very Good. based on 12 ratings by. Verified ...,3
HP Omen 16,HP Omen 16,139990,Intel Core i7 14th Gen,16GB,Windows 11,1TB SSD,16.1,5,HP Omen 16 Review,"The Bottom Line. The HP Omen 16 is a fine gaming laptop without any major flaws, but you can find superior performers in the same price range.",3
HP Omen 16,HP Omen 16,139990,Intel Core i7 14th Gen,16GB,Windows 11,1TB SSD,16.1,5,Does the HP Omen 16 have heating issues?,"The HP Omen Max 16 overheating problem can be frustrating, especially when it affects gaming performance or daily tasks. Overheating can lead to slow performance, unexpected shutdowns, or even long-term damage to internal components.",1
HP Omen 16,HP Omen 16,139990,Intel Core i7 14th Gen,16GB,Windows 11,1TB SSD,16.1,5,"Which is better, Victus or Omen?","HP Victus Gaming 15 (Core i5, RTX 4050) The Victus 15 offers a solid balance between price, performance, and everyday noise levels. It doesn't have the same advanced cooling as the OMEN range, but recent Victus models handle moderate gaming sessions better than older generations.",3
HP Omen 16,HP Omen 16,139990,Intel Core i7 14th Gen,16GB,Windows 11,1TB SSD,16.1,5,Does HP Omen overheat easily?,"Modern laptops like the HP OMEN 16.1-inch Gaming Laptop can handle multitasking, but hours of running large files and applications can take a toll on the computer, causing it to overheat.",2
HP Omen 16,HP Omen 16,139990,Intel Core i7 14th Gen,16GB,Windows 11,1TB SSD,16.1,5,"Which is better, omen 16 or 17?","Based on our estimates, HP Omen 16 (2024) with Intel Core i5 14450HX, GeForce RTX 3050 Mobile, and 8 GB RAM offers an 16% better value-for-money ratio at the given prices. It may not be worth paying an additional 250 USD for HP Omen 17 (2024).",4
HP Omen 16,HP Omen 16,139990,Intel Core i7 14th Gen,16GB,Windows 11,1TB SSD,16.1,5,Is the HP Omen 16 worth it? : r/HPOmen,Im an engineering student looking to buy a laptop that I can use for school and casual gaming on the side and Im currently looking at the Omen 16 because ...,3
HP Omen 16,HP Omen 16,139990,Intel Core i7 14th Gen,16GB,Windows 11,1TB SSD,16.1,5,r/HPOmen,"After fighting HP support, I finally got an onsite technician scheduled to fix the insane idle temps (80C+ spikes) on my OMEN 16 (i7-14650HX).",3
HP Omen 16,HP Omen 16,139990,Intel Core i7 14th Gen,16GB,Windows 11,1TB SSD,16.1,5,Does the HP Omen 16 have heating issues?,"The HP Omen Max 16 overheating problem can be frustrating, especially when it affects gaming performance or daily tasks. Overheating can lead to slow performance, unexpected shutdowns, or even long-term damage to internal components.",1
HP Omen 16,HP Omen 16,139990,Intel Core i7 14th Gen,16GB,Windows 11,1TB SSD,16.1,5,"Which is better, Victus or OMEN?","HP Victus Gaming 15 (Core i5, RTX 4050) The Victus 15 offers a solid balance between price, performance, and everyday noise levels. It doesn't have the same advanced cooling as the OMEN range, but recent Victus models handle moderate gaming sessions better than older generations.",3
HP Omen 16,HP Omen 16,139990,Intel Core i7 14th Gen,16GB,Windows 11,1TB SSD,16.1,5,Thinking about buying this hp omen 16 : r/HPOmen,"The top lid does flex a bit in the middle but overall it is very sturdy. The hinges are not loose or tight, just right. Screen wobble is only an ...",3
HP Omen 16,HP Omen 16,139990,Intel Core i7 14th Gen,16GB,Windows 11,1TB SSD,16.1,5,The best budget gamer? HP Omen 16 laptop review,"In synthetic tests, the Omen 16 performs right on average, while in real games, it performs top and matches the Lenovo Legion 5 15. At 1080p/ ...",3
HP Omen 16,HP Omen 16,139990,Intel Core i7 14th Gen,16GB,Windows 11,1TB SSD,16.1,5,HP Omen Max 16 Review (2025) - High Performance Laptops,"It's powerful, well-featured and has great ergonomics. It's not particularly portable, but this type of laptop rarely is. We've seen it dip in ...",5
HP Omen 16,HP Omen 16,139990,Intel Core i7 14th Gen,16GB,Windows 11,1TB SSD,16.1,5,HP OMEN 16 (16-ap0000) Review - Exceptional Cooling,"The HP OMEN 16 (16-ap0000, 2025) is a fantastic example of a well-balanced, mid-to-high-range gaming laptop that gets the fundamentals ...",4
HP Omen 16,HP Omen 16,139990,Intel Core i7 14th Gen,16GB,Windows 11,1TB SSD,16.1,5,HP Omen Max 16 (2025) REVIEW,This is the HP Omen Max 16 brand new for 2025 coming up now when it comes to the build and design I would say it's a very good build.,3
HP Omen 16,HP Omen 16,139990,Intel Core i7 14th Gen,16GB,Windows 11,1TB SSD,16.1,5,HP Omen 16 2025 Review: Best RTX 5070 Gaming Laptop ...,"The HP Omen 16 2025 with RTX 5070, Intel Ultra 9 285H, 64GB RAM & 4TB SSD is the best gaming laptop of 2025. Full review, benchmarks ...",4
HP Omen 16,HP Omen 16,139990,Intel Core i7 14th Gen,16GB,Windows 11,1TB SSD,16.1,5,OMEN 16 2025 INTEL GAMING LAPTOP,"The OMEN 16 is our coolest 16 laptop yet. With the latest next-gen components, and OMEN Tempest Cooling, the OMEN 16 has you covered. Learn more here.",3
HP Omen 16,HP Omen 16,139990,Intel Core i7 14th Gen,16GB,Windows 11,1TB SSD,16.1,5,HP Omen 16 (2025) Price (23 May 2026) Specification & ...,HP Omen 16 (2025) is a Windows 11 laptop with a 16.10-inch display that has a resolution of 1600x2560 pixels. Graphics are powered by Nvidia GeForce RTX ...,3
HP Omen 16,HP Omen 16,139990,Intel Core i7 14th Gen,16GB,Windows 11,1TB SSD,16.1,5,HP Omen Max 16 (2025) review: gaming power for ...,"It has the expected low battery life of a gaming laptop, but its 32GB of RAM may also be a bit small for heavy modern workloads.",3
HP Omen 16,HP Omen 16,139990,Intel Core i7 14th Gen,16GB,Windows 11,1TB SSD,16.1,5,Is the OMEN 16 a good laptop?,It can even beat some more expensive lowerowered 5070 options the internals. And exterior. Don't run too hot the fan noise is lower than most other laptops.,2
HP Omen 16,HP Omen 16,139990,Intel Core i7 14th Gen,16GB,Windows 11,1TB SSD,16.1,5,Does the HP Omen 16 have heating issues?,"The HP Omen Max 16 overheating problem can be frustrating, especially when it affects gaming performance or daily tasks. Overheating can lead to slow performance, unexpected shutdowns, or even long-term damage to internal components.",1
HP Omen 16,HP Omen 16,139990,Intel Core i7 14th Gen,16GB,Windows 11,1TB SSD,16.1,5,How long does OMEN 16 last?,Typical OMEN 16 Battery Performance: OEM battery: 26 hours runtime. Aftermarket battery: 13 hours runtime (potentially much lower),3
HP Omen 16,HP Omen 16,139990,Intel Core i7 14th Gen,16GB,Windows 11,1TB SSD,16.1,5,HP Omen 16 Gaming Laptop Unbiased Review,Pros and Cons  Fans can get loud  Runs hot under load(80C-85C)  Battery life is weak for gaming  A little heavy to carry daily(~5.2lbs)  Comes ...,3
HP Omen 16,HP Omen 16,139990,Intel Core i7 14th Gen,16GB,Windows 11,1TB SSD,16.1,5,HP Omen MAX 16 (2025)  Too Much Power for Its Own Good?,The Omen Max 16 is HP's most powerful gaming laptop yet. You can spec it from RTX 5060 right up to RTX5090 graphics so something for everyone.,4
HP Omen 16,HP Omen 16,139990,Intel Core i7 14th Gen,16GB,Windows 11,1TB SSD,16.1,5,HP Omen 16 (AMD 2023) review: A solid gaming ...,The HP Omen 16 (AMD 2023) offers solid performance and a decent display packed into a sleek gaming laptop with good battery life.,4
HP Omen 16,HP Omen 16,139990,Intel Core i7 14th Gen,16GB,Windows 11,1TB SSD,16.1,5,"I bought a brand new HP OMEN 16, but the battery drains ...","I bought a brand new HP OMEN 16, but the battery drains within 1 hour and 30 minutes. Is this normal?",3
HP Omen 16,HP Omen 16,139990,Intel Core i7 14th Gen,16GB,Windows 11,1TB SSD,16.1,5,Thermal Throttling OMEN Laptops: Myths vs Reality,OMEN gaming laptops are engineered to keep components running at safe temperatures while delivering consistent gaming performance. Whether you' ...,3
HP Omen 16,HP Omen 16,139990,Intel Core i7 14th Gen,16GB,Windows 11,1TB SSD,16.1,5,HP Omen 16 vs Omen 16 Slim: Great Value at the Right Price,"Buy the Omen 16 if you want stronger performance and don't mind extra weight or shorter battery life. Either way, snag one during a big sale ...",3
HP Omen 16,HP Omen 16,139990,Intel Core i7 14th Gen,16GB,Windows 11,1TB SSD,16.1,5,HP OMEN MAX 16 (2025) Laptop Review,"Its battery life isn't bad, though, lasting around six hours of local video playback. Pros. Large screen. Available with OLED panel ...",2
HP Omen 16,HP Omen 16,139990,Intel Core i7 14th Gen,16GB,Windows 11,1TB SSD,16.1,5,HP OMEN 16 (16-ap0000) Review - Exceptional Cooling,"The absolute standout feature of the OMEN 16 is its phenomenal thermal management. The cooling system is a masterpiece, keeping both the ...",3
HP Omen 16,HP Omen 16,139990,Intel Core i7 14th Gen,16GB,Windows 11,1TB SSD,16.1,5,Does the HP Omen 16 have heating issues?,"The HP Omen Max 16 overheating problem can be frustrating, especially when it affects gaming performance or daily tasks. Overheating can lead to slow performance, unexpected shutdowns, or even long-term damage to internal components.",1
HP Omen 16,HP Omen 16,139990,Intel Core i7 14th Gen,16GB,Windows 11,1TB SSD,16.1,5,How to make an HP Omen 16 battery last longer?,"Begin by navigating to the power options menu in your control panel. Here, you'll find preset power plans, such as balanced, high performance, and power saver. While the balanced plan is a good starting point, consider switching to the power saver mode when you need to extend your battery life.",3
HP Omen 16,HP Omen 16,139990,Intel Core i7 14th Gen,16GB,Windows 11,1TB SSD,16.1,5,How long does the Omen 16 gaming laptop battery last?,Typical OMEN 16 Battery Performance: OEM battery: 26 hours runtime. Aftermarket battery: 13 hours runtime (potentially much lower),3
Lenovo Legion 5,Lenovo Legion 5,129990,AMD Ryzen 7,16GB,Windows 11,1TB SSD,16,5,"Lenovo Legion 5 15.1"" OLED WQXGA 165HZ Gaming ...","Lenovo Legion 5 15.1"" OLED WQXGA 165HZ Gaming Notebook AMD Ryzen 7 260 16GB RAM 512GB SSD NVIDIA GeForce RTX 5060 Eclipse Black. Amazon's Choice",3
Lenovo Legion 5,Lenovo Legion 5,129990,AMD Ryzen 7,16GB,Windows 11,1TB SSD,16,5,Lenovo Legion 5 (AMD) Review - INSANE Performance at a ...,Review of the Lenovo Legion 5 AMD Model paired with a Ryzen 7 4800H and a GTX 1650TI GPU. This thing is incredible.,3
Lenovo Legion 5,Lenovo Legion 5,129990,AMD Ryzen 7,16GB,Windows 11,1TB SSD,16,5,Lenovo Legion 5 10th Gen Intel Core i5 15.6 inch (39.62 ...,... review. Please try again. Rishivendan. 5 out of 5 stars. Verified Purchase. Best budget gaming and productivity laptop. Reviewed in India on 16 May 2021. Best ...,4
Lenovo Legion 5,Lenovo Legion 5,129990,AMD Ryzen 7,16GB,Windows 11,1TB SSD,16,5,Watch Lenovo Legion 5 Pro Review - The Perfect Gaming ...,Shop with expert advice from DansTube.TV in their latest video Lenovo Legion 5 Pro Review - The Perfect Gaming Laptop?.,4
Lenovo Legion 5,Lenovo Legion 5,129990,AMD Ryzen 7,16GB,Windows 11,1TB SSD,16,5,Lenovo Legion Pro 5 Gen 10 Review: OLED Glamour ...,"The Legion Pro 5 earns its stripes with an excellent OLED screen and a punchy keyboard, making it a compelling midrange gaming rig.",4
Lenovo Legion 5,Lenovo Legion 5,129990,AMD Ryzen 7,16GB,Windows 11,1TB SSD,16,5,Lenovo Legion 5 AMD review: A good gaming laptop that ...,Lenovo Legion 5 AMD review: Good display and hassle-free keyboard. Gaming laptops usually have the best specifications in all hardware ...,4
Lenovo Legion 5,Lenovo Legion 5,129990,AMD Ryzen 7,16GB,Windows 11,1TB SSD,16,5,"Lenovo Legion 5 (15, Gen 10) Review","It's a machine that feels decidedly premium, centered around a spectacular OLED display that could easily belong on a device twice its price.",3
Lenovo Legion 5,Lenovo Legion 5,129990,AMD Ryzen 7,16GB,Windows 11,1TB SSD,16,5,The best mainstream gamer in 2025 - Lenovo Legion 5 15 ...,"Lenovo's Legion 5 15 is a very good mainstream gamer, which does not reveal any major issues in our review. The chassis is functional with sufficient ports.",2
Lenovo Legion 5,Lenovo Legion 5,129990,AMD Ryzen 7,16GB,Windows 11,1TB SSD,16,5,Is the Lenovo Legion 5i worth buying?,"The Bottom Line. Lenovo's Legion 5i Gen 10 gaming laptop delivers compelling value in its base configuration, sealing the deal with a stunning OLED panel, the latest connectivity, and potent gaming performance for its price class.",4
Lenovo Legion 5,Lenovo Legion 5,129990,AMD Ryzen 7,16GB,Windows 11,1TB SSD,16,5,Latest Review of Lenovo Legion 5 Core I7 10th Gen 16 Gb ...,"Comes with windows 10. But they will give you win 11 update instantly.. Good display . Performance is very good , only the camera quality is bad that is the ...",2
Lenovo Legion 5,Lenovo Legion 5,129990,AMD Ryzen 7,16GB,Windows 11,1TB SSD,16,5,Lenovo Legion 5 Amd Ryzen Hexa Core 4600h 8 Gb 512 ...,Great in design build and performance but only one thing makes me negative while i am using its camera quality is very low.... ...the processor to puch above ...,4
Lenovo Legion 5,Lenovo Legion 5,129990,AMD Ryzen 7,16GB,Windows 11,1TB SSD,16,5,Latest Review of Lenovo Legion 5 Core I5 10th Gen 8 Gb ...,"Excellent laptop with best & beast features. Starts & Closes in less than 5 seconds. I'm using it for my coding purpose, but battery life & sound are not up ...",5
Lenovo Legion 5,Lenovo Legion 5,129990,AMD Ryzen 7,16GB,Windows 11,1TB SSD,16,5,Lenovo Legion 5 Amd Ryzen 7 Octa Core 16 Gb 1 Tb Ssd ...,"5.0  Perfect product!  Just superb. ; 5.0  Just wow!  Great product at this price ; 5.0  Terrific  Had for a week now It is very well built, performance is nice ...",5
Lenovo Legion 5,Lenovo Legion 5,129990,AMD Ryzen 7,16GB,Windows 11,1TB SSD,16,5,Lenovo Legion 5 AMD review: A good gaming laptop that ...,Lenovo Legion 5 AMD review: Good display and hassle-free keyboard. Gaming laptops usually have the best specifications in all hardware ...,4
Lenovo Legion 5,Lenovo Legion 5,129990,AMD Ryzen 7,16GB,Windows 11,1TB SSD,16,5,Lenovo Legion 5 Intel Core I7 11th Gen 11800h 16 Gb 512 ...,"I Purchased it for 95k And Without any card.. Performance is beast, value for money. But if your budget is 1L then Dell G15 i5 12th gen with 16gb DDR5 with ...",3
Lenovo Legion 5,Lenovo Legion 5,129990,AMD Ryzen 7,16GB,Windows 11,1TB SSD,16,5,Lenovo Legion 5i Review - a great gaming laptop with a ...,"A solid chassis, a whole bunch of ports, and a sensible and powerful hardware configuration. The all-new Lenovo Legion 5i has the perfect ...",5
Lenovo Legion 5,Lenovo Legion 5,129990,AMD Ryzen 7,16GB,Windows 11,1TB SSD,16,5,Lenovo Legion 5i 17-in Gaming Laptop Review,Lenovo Legion 5i 17-in Gaming Laptop Review  Comments.,3
Lenovo Legion 5,Lenovo Legion 5,129990,AMD Ryzen 7,16GB,Windows 11,1TB SSD,16,5,Lenovo Legion 5 Core I7 10th Gen 16 Gb 1 Tb Hdd 256 ...,Perfect product! Review for: Color Phantom Black  Dedicated Graphic Memory Capacity 4 GB  SSD Capacity 256 GB  Screen Size 15.6 Inch  System Memory 16 GB.,4
Lenovo Legion 5,Lenovo Legion 5,129990,AMD Ryzen 7,16GB,Windows 11,1TB SSD,16,5,Is the Lenovo Legion 5 Worth It? | Lenovo Legion 5 Review,"This laptop right here at under $1,500 is one of the best options you can bite right now even with the new RTX 50 Series.",4
Lenovo Legion 5,Lenovo Legion 5,129990,AMD Ryzen 7,16GB,Windows 11,1TB SSD,16,5,Is the Lenovo Legion 5i worth buying?,"The Bottom Line. Lenovo's Legion 5i Gen 10 gaming laptop delivers compelling value in its base configuration, sealing the deal with a stunning OLED panel, the latest connectivity, and potent gaming performance for its price class.",4
Lenovo Legion 5,Lenovo Legion 5,129990,AMD Ryzen 7,16GB,Windows 11,1TB SSD,16,5,Is the Lenovo Legion 5 durable?,"Crafted with advanced compounds and polymers, the Legion 5 Gen 10 laptop is both lightweight and durable.",4
Lenovo Legion 5,Lenovo Legion 5,129990,AMD Ryzen 7,16GB,Windows 11,1TB SSD,16,5,"Long term users of Legion 5 Pro, how has your overall ...","3rd UPDATE 01-04-2022:- This is now a long term review, it's been almost 6 months since I got the laptop. Performance-wise I still have no complaints. ...",3
Lenovo Legion 5,Lenovo Legion 5,129990,AMD Ryzen 7,16GB,Windows 11,1TB SSD,16,5,r/LenovoLegion,r/LenovoLegion: The biggest unofficial Lenovo Legion community. Your space for everything Legion.,3
Lenovo Legion 5,Lenovo Legion 5,129990,AMD Ryzen 7,16GB,Windows 11,1TB SSD,16,5,r/LenovoLegion,"I own a Lenovo Legion 5 82rb, and the temperature reaches 100C, with frame drops and very bad performance, and sometimes i unable to run even simple games at ...",2
Lenovo Legion 5,Lenovo Legion 5,129990,AMD Ryzen 7,16GB,Windows 11,1TB SSD,16,5,Is Lenovo Legion reliable on Reddit?,Sure. All laptops can have those but Lenovo Legion is a sage choice. I had a legion 5 for 5 years without any problems. My Legion Pro 7 10th Gen has been rock solid.,2
Lenovo Legion 5,Lenovo Legion 5,129990,AMD Ryzen 7,16GB,Windows 11,1TB SSD,16,5,What is the lifespan of Lenovo Legion?,"Average lifespan of a Lenovo laptop On average, a Lenovo laptop lasts between 5 and 7 years. This depends heavily on the model, usage, and maintenance.",3
Lenovo Legion 5,Lenovo Legion 5,129990,AMD Ryzen 7,16GB,Windows 11,1TB SSD,16,5,Lenovo Legion Pro 5 Gen 10 - Review 2025,"The Legion Pro 5 earns its stripes with an excellent OLED screen and a punchy keyboard, making it a compelling midrange gaming rig.",4
Lenovo Legion 5,Lenovo Legion 5,129990,AMD Ryzen 7,16GB,Windows 11,1TB SSD,16,5,The best mainstream gamer in 2025 - Lenovo Legion 5 15 ...,"The Legion 5i Gen 10 15"" actually has an option for a 1200p IPS screen. That's in the UK, but you're right, I haven't seen many others.",3
Lenovo Legion 5,Lenovo Legion 5,129990,AMD Ryzen 7,16GB,Windows 11,1TB SSD,16,5,Legion 5 Series | Powerful Gaming Laptops,Explore Legion 5 Series gaming laptops for a true gaming experience.  High-Performance FHD Display Coldfront 2.0 cooling system  3D Sound.,3
Lenovo Legion 5,Lenovo Legion 5,129990,AMD Ryzen 7,16GB,Windows 11,1TB SSD,16,5,"Lenovo Legion 5 (2025) - Thinner, Lighter, Better",The Legion 5 has been completely redesigned it's thinner it's lighter it's quieter it performs better all while being more compact.,3
Lenovo Legion 5,Lenovo Legion 5,129990,AMD Ryzen 7,16GB,Windows 11,1TB SSD,16,5,Lenovo Legion 5 review (RTX 3060 model),"What you're getting here is rugged and reliable build quality, fair inputs, IO and screen, as well as excellent performance across the board in all sorts of ...",4
Lenovo Legion 5,Lenovo Legion 5,129990,AMD Ryzen 7,16GB,Windows 11,1TB SSD,16,5,Lenovo Legion 5 Gen 10 (2025),"Lenovo Legion 5 Gen 10 (2025): detailed specifications, user reviews, performance, display and battery life tests.",3
Lenovo Legion 5,Lenovo Legion 5,129990,AMD Ryzen 7,16GB,Windows 11,1TB SSD,16,5,Is 2024's Legion Pro 5 still a great gaming notebook in 2025?,"The Legion Pro 5 is just as capable as a new notebook today. It comes with an Intel Core i9-14900HX processor, 32GB of RAM, a GeForce RTX 4070 ...",3
Lenovo Legion 5,Lenovo Legion 5,129990,AMD Ryzen 7,16GB,Windows 11,1TB SSD,16,5,"Lenovo Legion 5 Gen 10 (2025) Review: Packed, Portable ...",Lenovo equips the Legion 5 Gen 10 with a glossy 15.1-inch 2560 x 1600 165Hz OLED display. It is simply one of the best displays in its class as ...,4
Lenovo Legion 5,Lenovo Legion 5,129990,AMD Ryzen 7,16GB,Windows 11,1TB SSD,16,5,Is Legion 5 2025 worth it?,"Final Verdict. The Lenovo Legion 5 remains one of the best gaming laptops in its class. It's powerful, versatile, and reasonably pricedmaking it worth buying even in 2025. With great performance, a solid display, and a design that's easy on the eyes, it's a smart choice for gamers and creative professionals alike.",5
Lenovo Legion 5,Lenovo Legion 5,129990,AMD Ryzen 7,16GB,Windows 11,1TB SSD,16,5,Is Lenovo a good laptop in 2025?,"Whether you're looking for a thin-and-light business laptop, a beastly gaming laptop, or anything in between, the best Lenovo laptops are well worth considering. Lenovo laptops consistently rank highly among the best laptops, so if you're in the market for a new laptop in 2025, they're a great place to start.",5
Lenovo Legion 5,Lenovo Legion 5,129990,AMD Ryzen 7,16GB,Windows 11,1TB SSD,16,5,Is the Lenovo Legion 5i worth buying?,"The Bottom Line. Lenovo's Legion 5i Gen 10 gaming laptop delivers compelling value in its base configuration, sealing the deal with a stunning OLED panel, the latest connectivity, and potent gaming performance for its price class.",4
Lenovo Legion 5,Lenovo Legion 5,129990,AMD Ryzen 7,16GB,Windows 11,1TB SSD,16,5,What is the specs of Lenovo Legion 5 2025?,"Lenovo Legion 5 Gaming Laptop, 2025, 15.1"" 2560x1600 165Hz, Intel 24-Core Ultra 9 275HX, NVIDIA GeForce RTX 5070, 16GB DDR5, 1TB SSD, Win11 Home, RGB Backlit KB, Wi-Fi 7, 5.0MP Camera, Black.",3
Lenovo Legion 5,Lenovo Legion 5,129990,AMD Ryzen 7,16GB,Windows 11,1TB SSD,16,5,"Long term users of Legion 5 Pro, how has your overall ...","3rd UPDATE 01-04-2022:- This is now a long term review, it's been almost 6 months since I got the laptop. Performance-wise I still have no complaints. ...",3
Lenovo Legion 5,Lenovo Legion 5,129990,AMD Ryzen 7,16GB,Windows 11,1TB SSD,16,5,Legion 5 pro battery life,"The battery is draining fast. I have enabled hybrid mode, turn Bluetooth off, set brightness at 40% and still I get only 3 hours battery life from full charge.",4
Lenovo Legion 5,Lenovo Legion 5,129990,AMD Ryzen 7,16GB,Windows 11,1TB SSD,16,5,Lenovo-Legion-5-Pro-16-CPU-Overheating-while-plugged ...,High performance mode can cause the system to heat up. Clean your system: Dust and debris can block the ventilation and cause overheating.,1
Lenovo Legion 5,Lenovo Legion 5,129990,AMD Ryzen 7,16GB,Windows 11,1TB SSD,16,5,Is-a-3-hour-battery-life-on-idle-normal-for-the-Legion-5- ...,The battery life when fully charged lasts for only 2 hours & 50mins. i enabled all the battery saving features and it gives 3hours and 15mins max.,3
Lenovo Legion 5,Lenovo Legion 5,129990,AMD Ryzen 7,16GB,Windows 11,1TB SSD,16,5,Lenovo Legion 5| Battery test and tweaks to get best battery life,"Wondering how long the Legion 5 battery will last? exactly 4hrs10 mins (standard use 80% screen brightness,4k video playback and a screen ...",3
Lenovo Legion 5,Lenovo Legion 5,129990,AMD Ryzen 7,16GB,Windows 11,1TB SSD,16,5,Lenovo Legion Slim 5 Review: Gaming Bargain with Long ...,Pros. +. Affordable starting price. +. Excellent battery life. +. Solid performance across all benchmarks. Cons. -. Display could be brighter.,4
Lenovo Legion 5,Lenovo Legion 5,129990,AMD Ryzen 7,16GB,Windows 11,1TB SSD,16,5,"Lenovo Legion 5 Review: Pros, Complaints & Buyer Fit",Battery Life: Buyers consistently highlight battery life as a standout reason to consider this product. Common Complaints. CPU Overheating: ...,1
Lenovo Legion 5,Lenovo Legion 5,129990,AMD Ryzen 7,16GB,Windows 11,1TB SSD,16,5,"Lenovo Legion 5 (2025) Review  OLED, Battery Life, ...","The Intel configuration gets hotter under heavy CPU stress. Still, the AMD setup tends to direct more heat toward the GPU during gaming, with a ...",3
Lenovo Legion 5,Lenovo Legion 5,129990,AMD Ryzen 7,16GB,Windows 11,1TB SSD,16,5,A Complete Guide to the Lenovo Legion 5 Battery Life,"On average, Lenovo laptops, including the Legion 5 series, offer between 6 to 8 hours for general use and 2 to 3 hours for gaming. However, ...",3
Lenovo Legion 5,Lenovo Legion 5,129990,AMD Ryzen 7,16GB,Windows 11,1TB SSD,16,5,Does the Lenovo Legion 5 get hot?,It's not bad again we're in silent mode. So the laptop generally shouldn't be running super hot right now peak there a little bit warm there 47 not enough to burn your skin or anything but it is warm.,2
Acer Nitro V 16,Acer Nitro V 16,79990,AMD Ryzen 7,16GB,Windows 11,512GB SSD,16,4,"acer Nitro V 16, Intel Core i5 14th Gen - 14450HX, NVIDIA ...",1. Screen is enough bright but screen bleeding just worse.  2. Dimension wise very large and heavy as compared to other 16inch laptop.  3. Plastic quality is ...,3
Acer Nitro V 16,Acer Nitro V 16,79990,AMD Ryzen 7,16GB,Windows 11,512GB SSD,16,4,Acer Nitro V 16 AI review: Budget gaming meets great ...,Our Verdict. The Acer Nitro V 16 AI is a budget gaming laptop with ok game performance and good battery life (for a gaming laptop).,4
Acer Nitro V 16,Acer Nitro V 16,79990,AMD Ryzen 7,16GB,Windows 11,512GB SSD,16,4,Acer Nitro V 16 (2024) Laptop Review,"The Acer Nitro V 16 (2024) is an excellent budget gaming laptop. It performs well, delivering a smooth gaming experience with consistent frame ...",5
Acer Nitro V 16,Acer Nitro V 16,79990,AMD Ryzen 7,16GB,Windows 11,512GB SSD,16,4,"acer Nitro V 16 AI Gaming Laptop, 16"" WUXGA IPS 180Hz ...",It runs well. Keeps itself cool and was pretty easy to get set up. The video card works well. I use it for business and the video on my calls is very clear and ...,3
Acer Nitro V 16,Acer Nitro V 16,79990,AMD Ryzen 7,16GB,Windows 11,512GB SSD,16,4,Acer Nitro V 16 AI Review: The Best Budget Gaming Laptop,"It's not perfect, but the Acer Nitro V 16 compromises in the right spots and delivers exceptional value for the price.",4
Acer Nitro V 16,Acer Nitro V 16,79990,AMD Ryzen 7,16GB,Windows 11,512GB SSD,16,4,Acer Nitro V 16 Gaming Laptop Review (ANV16-41),This uses the Ryzen 7 8845HS CPU which is awesome with 32 GB of RAM and SSDon storage which is great for those faster bootups and faster boots in game.,5
Acer Nitro V 16,Acer Nitro V 16,79990,AMD Ryzen 7,16GB,Windows 11,512GB SSD,16,4,"Acer Nitro V 16 AI Review: Real Gaming, Rock-Bottom ...","Acer's low-cost Nitro V 16 AI is a compelling value, pairing solid entry-grade components with a fast, big 1200p display.",4
Acer Nitro V 16,Acer Nitro V 16,79990,AMD Ryzen 7,16GB,Windows 11,512GB SSD,16,4,Acer Nitro V 16 ANV16-41 review: An affordable gaming ...,"The Nitro V16 is a gaming laptop around the 1,000-dollar mark that offers more than decent performance for its price (Ryzen 8000 & RTX 4060).",3
Acer Nitro V 16,Acer Nitro V 16,79990,AMD Ryzen 7,16GB,Windows 11,512GB SSD,16,4,Is the Acer Nitro V-16 a good gaming laptop?,"Yes, its Nvidia GeForce RTX 5050 graphics chip and AMD Ryzen 5 240 CPU are bare-minimum silicon, but they deliver an excellent 1,920-by-1,200-pixel (1200p) play experience for the cost. Also, this Nitro lasts longer on a charge than most gaming laptops: up to half a day of video playback.",4
Acer Nitro V 16,Acer Nitro V 16,79990,AMD Ryzen 7,16GB,Windows 11,512GB SSD,16,4,Is the Acer Nitro V 16 better than the Lenovo LOQ 15?,"The Acer Nitro V 16 (2024) and the Lenovo LOQ 15 (2023) are great budget gaming laptops. The Acer laptop offers a better user experience overall. It's better built, its larger display offers more real estate for immersive gaming, and its display options are generally brighter and have higher refresh rates.",4
Acer Nitro V 16,Acer Nitro V 16,79990,AMD Ryzen 7,16GB,Windows 11,512GB SSD,16,4,"What's better, Acer Nitro V15 or V16?","Based on our estimates, Acer Nitro V 15 Intel (ANV15-51) with Intel Core i5 13420H, GeForce RTX 3050 Mobile, and 8 GB RAM offers an 40.7% better value-for-money ratio at the given prices. It may not be worth paying an additional 300 USD for Acer Nitro V 16 AMD (ANV16-41).",4
Acer Nitro V 16,Acer Nitro V 16,79990,AMD Ryzen 7,16GB,Windows 11,512GB SSD,16,4,Acer Nitro V 15 I5 14th Gen Intel Core 5 210h 16 Gb 512 ...,"Battery is just ok for a gaming laptop. Display is just ok .I use an external display. Overall good... Prasanth Reddy. , Bangalore Division. Certified Buyer.",3
Acer Nitro V 16,Acer Nitro V 16,79990,AMD Ryzen 7,16GB,Windows 11,512GB SSD,16,4,It's here Acer Nitro V Flipkart review : r/LaptopDealsIndia,It's here Acer Nitro V Flipkart review ... Build quality is solid for a laptop at this price point . Works well no issues out of box. Archived ...,2
Acer Nitro V 16,Acer Nitro V 16,79990,AMD Ryzen 7,16GB,Windows 11,512GB SSD,16,4,Latest Review of Acer Nitro V 16s Intel Core 5 16 Gb ...,"The laptop is very good but the charger is very slow please upgrade the charger this is not good for this laptop. Bhanu Shivhare. , New Delhi ; Battery : 4/5 Ms ...",2
Acer Nitro V 16,Acer Nitro V 16,79990,AMD Ryzen 7,16GB,Windows 11,512GB SSD,16,4,Acer Nitro V Intel Core I7 14th Gen 14650hx 16 Gb 512 ...,Read Latest Reviews of Acer Nitro V Intel Core I7 14th Gen 14650hx 16 Gb 512 Gb Ssd Windows 11 Home 6 Graphics Nvidia Geforce Rtx 4050 Anv16 71 Gaming ...,3
Acer Nitro V 16,Acer Nitro V 16,79990,AMD Ryzen 7,16GB,Windows 11,512GB SSD,16,4,Latest Review of Acer Nitro V 16s I5 14th Gen Intel Core 5 ...,"...range it comes with. Performance 10/10 Display 9/10 Thermals 8/10 Only one issue since it has... Mohit shakya. , Ambala. Certified Buyer.  3 months ago.",2
Acer Nitro V 16,Acer Nitro V 16,79990,AMD Ryzen 7,16GB,Windows 11,512GB SSD,16,4,This ACER NITRO V16 has a PROBLEM!,The new Nitro V16 is a great gaming laptop but it still loses and you will know why in just a few minutes.,4
Acer Nitro V 16,Acer Nitro V 16,79990,AMD Ryzen 7,16GB,Windows 11,512GB SSD,16,4,"Acer Nitro V 16 AI Review: Real Gaming, Rock-Bottom ...","Acer's low-cost Nitro V 16 AI is a compelling value, pairing solid entry-grade components with a fast, big 1200p display.",4
Acer Nitro V 16,Acer Nitro V 16,79990,AMD Ryzen 7,16GB,Windows 11,512GB SSD,16,4,Acer Nitro V 16 AI Review: The Best Budget Gaming Laptop,"It's not perfect, but the Acer Nitro V 16 compromises in the right spots and delivers exceptional value for the price.",4
Acer Nitro V 16,Acer Nitro V 16,79990,AMD Ryzen 7,16GB,Windows 11,512GB SSD,16,4,Customer reviews for Acer Nitro V 16 AI 16 WUXGA IPS ...,Solid Gaming Laptop can play everything i play with good fps. Ram is single channel bought another 16gb chip that i can use discord without the laptop freezing ...,3
Acer Nitro V 16,Acer Nitro V 16,79990,AMD Ryzen 7,16GB,Windows 11,512GB SSD,16,4,Is the Acer Nitro V-16 a good gaming laptop?,"Yes, its Nvidia GeForce RTX 5050 graphics chip and AMD Ryzen 5 240 CPU are bare-minimum silicon, but they deliver an excellent 1,920-by-1,200-pixel (1200p) play experience for the cost. Also, this Nitro lasts longer on a charge than most gaming laptops: up to half a day of video playback.",4
Acer Nitro V 16,Acer Nitro V 16,79990,AMD Ryzen 7,16GB,Windows 11,512GB SSD,16,4,Buy acer nitro.v16 or not ?? : r/AcerNitro,"Hi guys, I'm looking to get my very first gaming laptop for university and but of gaming on the side as Intend to pursue a degree in finance or ...",3
Acer Nitro V 16,Acer Nitro V 16,79990,AMD Ryzen 7,16GB,Windows 11,512GB SSD,16,4,Is the Nitro V 16 any good?,"The Acer Nitro V 16 AI isn't a thriller of a gaming laptop, but it's an effective one for the price. In this range, a budget gaming laptop that simply works well is commendable. The Nitro can run AAA games at well over 60fps, often at high settings, for less than $800 on sale.",3
Acer Nitro V 16,Acer Nitro V 16,79990,AMD Ryzen 7,16GB,Windows 11,512GB SSD,16,4,Why is my Acer Nitro 5 laggy?,Low storage space or faulty RAM can cause performance problems. Make sure you have free space on your drive and confirm any installed memory is functioning correctly. You may also consider upgrading RAM if you have a lower amount like 8 GB or 16 GB.,2
Acer Nitro V 16,Acer Nitro V 16,79990,AMD Ryzen 7,16GB,Windows 11,512GB SSD,16,4,Is the Acer Nitro 16 a gaming laptop?,"Unleash a new realm of gaming and productivity with the Acer Nitro 16 gaming laptop. Crafted for the ambitious and dynamic, this powerhouse blends top-tier Intel Core processors and NVIDIA GeForce RTX 40 Series graphics with a vivid display, making every session an epic journey of performance and immersion.",3
Acer Nitro V 16,Acer Nitro V 16,79990,AMD Ryzen 7,16GB,Windows 11,512GB SSD,16,4,Acer Nitro V 16 AI review: Budget gaming meets great ...,I recommend the Acer Nitro V 16 AI over most of the budget gaming laptops I've tested or used in 2025. It's among the more affordable ...,3
Acer Nitro V 16,Acer Nitro V 16,79990,AMD Ryzen 7,16GB,Windows 11,512GB SSD,16,4,"Acer Nitro V 16 AI Review: Real Gaming, Rock-Bottom ...","Acer's low-cost Nitro V 16 AI is a compelling value, pairing solid entry-grade components with a fast, big 1200p display.",4
Acer Nitro V 16,Acer Nitro V 16,79990,AMD Ryzen 7,16GB,Windows 11,512GB SSD,16,4,Acer Nitro V 16 (ANV16-72) review - The BEST or WORST ...,It's a mid-range gaming laptop that makes a clear and deliberate choice: to sacrifice top-tier CPU performance in favor of exceptional thermal ...,3
Acer Nitro V 16,Acer Nitro V 16,79990,AMD Ryzen 7,16GB,Windows 11,512GB SSD,16,4,Acer Nitro V 16 Gaming Laptop Review,The Acer Nitro V 16 is a solid budget option for gaming but don't expect anything else from it except for good performance.The Acer Nitro V 16 ...,3
Acer Nitro V 16,Acer Nitro V 16,79990,AMD Ryzen 7,16GB,Windows 11,512GB SSD,16,4,Acer Nitro V 16 Laptop Review,It's a great buy and a worthy award winner. Overall: 4.9 / 5. Best Budget Gaming Laptop Award.,5
Acer Nitro V 16,Acer Nitro V 16,79990,AMD Ryzen 7,16GB,Windows 11,512GB SSD,16,4,Review of the Acer Nitro V 16 AI gaming laptop,"Overall, the impression is very positive. The Nitro V16 AI demonstrates that a gaming laptop can be restrained, practical, and even elegant ...",3
Acer Nitro V 16,Acer Nitro V 16,79990,AMD Ryzen 7,16GB,Windows 11,512GB SSD,16,4,Acer Nitro V 16 AI-Powered Gaming Laptop AMD Ryzen 7 ...,"Processor: AMD Ryzen 7-8845HS processor - 8 cores, max turbo up to 5.1 GHz | RAM: 16 GB of DDR5 system memory, upgradable to 32 GB (Memory Frequency: Up to ...",3
Acer Nitro V 16,Acer Nitro V 16,79990,AMD Ryzen 7,16GB,Windows 11,512GB SSD,16,4,Is Acer Nitro V16 ANV16-71 battery backup of 1 hr 40 mins ...,"So, I bought this laptop 1 week ago. While testing the battery life, I found out that in 50% brightness and Balanced mode, I got exactly 100 mins of ...",3
Acer Nitro V 16,Acer Nitro V 16,79990,AMD Ryzen 7,16GB,Windows 11,512GB SSD,16,4,Acer Nitro V 16 (2024) Laptop Review,"The build is better than other laptops in its class. However, its battery life is unremarkable, limiting its versatility beyond gaming. Also, ...",3
Acer Nitro V 16,Acer Nitro V 16,79990,AMD Ryzen 7,16GB,Windows 11,512GB SSD,16,4,Any reasons not to get Acer Nitro 16? : r/GamingLaptops,Just found a nice deal for Acer Nitro 16 with a 4070 for only $1100. Reviews of the laptop seem like it's good enough for my purposes(middle-end games ...,3
Acer Nitro V 16,Acer Nitro V 16,79990,AMD Ryzen 7,16GB,Windows 11,512GB SSD,16,4,Overheating problem on the Nitro V ANV16-42,Hi I just bought a laptop on the 24 and I haven't used it much but I'm experiencing overheating problems making my laptop crash and restart and I don't ...,1
Acer Nitro V 16,Acer Nitro V 16,79990,AMD Ryzen 7,16GB,Windows 11,512GB SSD,16,4,Acer Nitro V 16 AI review: Budget gaming meets great ...,The Acer Nitro V 16 AI is a budget gaming laptop with ok game performance and good battery life (for a gaming laptop).,4
Acer Nitro V 16,Acer Nitro V 16,79990,AMD Ryzen 7,16GB,Windows 11,512GB SSD,16,4,Acer Nitro V 16 AI (ANV16-42) review - The Gaming Laptop ...,"While competitors push their CPUs to the thermal limit, the Nitro V 16 maintains impressively low temperatures under sustained load. This ...",4
Acer Nitro V 16,Acer Nitro V 16,79990,AMD Ryzen 7,16GB,Windows 11,512GB SSD,16,4,Acer Nitro V 16 ANV16-41 review: An affordable gaming ...,The fact that its battery life isn't totally the best is mainly due to its meager capacity. Although there would have been more space in the ...,4
Acer Nitro V 16,Acer Nitro V 16,79990,AMD Ryzen 7,16GB,Windows 11,512GB SSD,16,4,Acer Nitro V 16 (2024) review: A good choice for the right ...,"Finally, let me talk about the battery life. Since the new Ryzen chip is based on an efficient 4nm architecture, the battery backup was quite satisfactory",3
Acer Nitro V 16,Acer Nitro V 16,79990,AMD Ryzen 7,16GB,Windows 11,512GB SSD,16,4,Does the Acer Nitro V15 overheat?,"If your Acer Nitro V 15 cooling fan is failing, it causes overheating, thermal throttling, and performance drops. Replacing the correct modelsuch as DFSCK22115181Rrestores cooling efficiency and stability.",1
MSI Katana A15,MSI Katana A15,94990,AMD Ryzen 7,16GB,Windows 11,1TB SSD,15.6,4,"MSI Katana A15 AI, Ryzen 7 8845HS, Built-in AI, 40CM ...","Honestly surprised how good it works,. Display is very good but need a bit more saturation, performance is extremely good and I'm able to run game on extreme ...",3
MSI Katana A15,MSI Katana A15,94990,AMD Ryzen 7,16GB,Windows 11,1TB SSD,15.6,4,MSI Katana A15 AI (2024) Laptop Review,"The MSI Katana A15 is an excellent budget gaming laptop that delivers smooth gameplay in highly demanding AAA titles. However, you'll want to ...",5
MSI Katana A15,MSI Katana A15,94990,AMD Ryzen 7,16GB,Windows 11,1TB SSD,15.6,4,MSI Katana A15 B8VF-448US Review,"The MSI Katana A15 B8VF-448US strikes a balance between price and performance, making it an excellent choice for budget gamers.",4
MSI Katana A15,MSI Katana A15,94990,AMD Ryzen 7,16GB,Windows 11,1TB SSD,15.6,4,MSI Katana A15 AI Gaming Laptop [2024] -Full REVIEW (Don't ...,The MSI Katana a 15 AI gaming laptop is a fantastic choice for gamers and creators who need a powerful and versatile machine.,5
MSI Katana A15,MSI Katana A15,94990,AMD Ryzen 7,16GB,Windows 11,1TB SSD,15.6,4,"About to buy an MSI Katana 15, am i making a good choice?",Title. Max budget is 1.5k which is why Im not getting anything better.,3
MSI Katana A15,MSI Katana A15,94990,AMD Ryzen 7,16GB,Windows 11,1TB SSD,15.6,4,MSI Katana A15 (2024) Review: Good Performance for Less,"Here's our review of the MSI Katana A15, a mid range gaming laptop with AMD Ryzen 7 processor and RTX 4070 Laptop GPU, find out why this is ...",3
MSI Katana A15,MSI Katana A15,94990,AMD Ryzen 7,16GB,Windows 11,1TB SSD,15.6,4,MSI Katana 15 HX Review: A Surprisingly Effective Budget ...,"We have an extensive review of this laptop, where we noted that it delivered a nearly desktop-quality gaming experience and blazingly fast ...",4
MSI Katana A15,MSI Katana A15,94990,AMD Ryzen 7,16GB,Windows 11,1TB SSD,15.6,4,"Watch MSI Katana A15 AI, AMD Ryzen 9 8945HS, Built-in AI ...","Shop with expert advice from Amazon Videos in their latest video MSI Katana A15 AI, AMD Ryzen 9 8945HS, Built-in AI, 40CM FHD 144Hz Gaming Laptop16GB/1TB ...",3
MSI Katana A15,MSI Katana A15,94990,AMD Ryzen 7,16GB,Windows 11,1TB SSD,15.6,4,MSI Katana 15 (2023) Review: 1080p Performance Under ...,The MSI Katana 15 delivers class-leading gaming and productivity performance until its short battery life spoils the show.,3
MSI Katana A15,MSI Katana A15,94990,AMD Ryzen 7,16GB,Windows 11,1TB SSD,15.6,4,Is the MSI katana worth it?,"Its weaknesses include its plastic build, limited battery life, and noisy fan operation. However, considering its price point, these compromises are  acceptable. If you're a gamer looking for a budget-friendly laptop that can handle most modern games at 1080p, the MSI Katana GF66 is definitely worth considering.",4
MSI Katana A15,MSI Katana A15,94990,AMD Ryzen 7,16GB,Windows 11,1TB SSD,15.6,4,Does the MSI Katana A15 have good cooling?,The build quality is sturdy. And you've got a solid selection of ports for connectivity. On the downside. The battery life could be better especially under heavy workloads.,3
MSI Katana A15,MSI Katana A15,94990,AMD Ryzen 7,16GB,Windows 11,1TB SSD,15.6,4,Is the MSI A15 thin any good?,"This is a very good laptop for its price, the only problem is the very low RAM storage but that can be upgraded. Overall i recommend getting it if you want to game and do school stuff like me.",2
MSI Katana A15,MSI Katana A15,94990,AMD Ryzen 7,16GB,Windows 11,1TB SSD,15.6,4,Buy MSI Katana A15 AI AMD Ryzen 7 Octa Core 8845HS,"MSI Katana A15 AI AMD Ryzen 9 Octa Core 8945HS - (16 GB/1 TB SSD/... more. 3%. 1,59,990. 1,54,990. Buy at 1,50,990. Apply offers for maximum savings.",3
MSI Katana A15,MSI Katana A15,94990,AMD Ryzen 7,16GB,Windows 11,1TB SSD,15.6,4,Msi Katana A15 Ai Amd Ryzen 7 Octa Core 8845hs 16 Gb ...,"Beast like performance 2.No thermal issue ,very good cooler 3.Display quality is good 4.Battery is less but as usual for all gaming laptop (2hrs) using ...",2
MSI Katana A15,MSI Katana A15,94990,AMD Ryzen 7,16GB,Windows 11,1TB SSD,15.6,4,MSI Katana A15 AI B8VF-447IN Gaming Laptop (AMD ...,"MSI Katana A15 AI B8VF-447IN Gaming Laptop (AMD Ryzen 9 8945HS/ 16GB/ 512GB SSD/ Win11 /8GB Graph) ; Battery. 53.5 Wh, 3 Cell BatteryGood ; User Reviews  4.3.",3
MSI Katana A15,MSI Katana A15,94990,AMD Ryzen 7,16GB,Windows 11,1TB SSD,15.6,4,MSI Katana A15 AI AMD Ryzen 7 Octa Core 8845HS,Ratings and reviews. 4.4. Very Good. based on 78 ratings by. Verified Buyers.,3
MSI Katana A15,MSI Katana A15,94990,AMD Ryzen 7,16GB,Windows 11,1TB SSD,15.6,4,MSI Katana A15 AI (2024) Laptop Review,The MSI Katana 15 is a good gaming laptop. It's available with high-performance AMD CPUs and GPUs that deliver smooth gameplay in most AAA games ...,4
MSI Katana A15,MSI Katana A15,94990,AMD Ryzen 7,16GB,Windows 11,1TB SSD,15.6,4,MSI Katana A15 AI B8VF Gaming Laptop,It delivers smooth and reliable performance whether you're gaming or creating content.,4
MSI Katana A15,MSI Katana A15,94990,AMD Ryzen 7,16GB,Windows 11,1TB SSD,15.6,4,MSI Katana A15 AMD Ryzen 7 Octa Core 8840H,The AMD Ryzen 8040 series processors are built to deliver a premium user experience with solid perfo... ... Ratings and reviews. No ratings for this product yet.,3
MSI Katana A15,MSI Katana A15,94990,AMD Ryzen 7,16GB,Windows 11,1TB SSD,15.6,4,MSI Katana A15 B8VF-448US Review,MSI Katana A15 B8VF-448US Review ; PROS. Solid 1080p gaming performance. Good speakers. Excellent value ; CONS. Short battery life. Mediocre ...,4
MSI Katana A15,MSI Katana A15,94990,AMD Ryzen 7,16GB,Windows 11,1TB SSD,15.6,4,MSI Katana 15 (2023) Review,The touchpad was a tad disappointing given how pleasant the keyboard is. It's small even by thin-and-light (let alone full-size) laptop ...,3
MSI Katana A15,MSI Katana A15,94990,AMD Ryzen 7,16GB,Windows 11,1TB SSD,15.6,4,What is the spec of MSI Katana A15?,"Product Features: 15.6"" FHD(1920x1080), 144Hz Refresh Rate, IPS-Level. AMD Ryzen 7 8845HS. 512GB*1 NVMe SSD PCIe Gen4. 8GB*2, DDR5-5600.",3
MSI Katana A15,MSI Katana A15,94990,AMD Ryzen 7,16GB,Windows 11,1TB SSD,15.6,4,"About to buy an MSI Katana 15, am i making a good choice?",Title. Max budget is 1.5k which is why Im not getting anything better.,3
MSI Katana A15,MSI Katana A15,94990,AMD Ryzen 7,16GB,Windows 11,1TB SSD,15.6,4,MSI Katana A15 AI (2024) Laptop Review,"In terms of the overall user experience, the ASUS is much better; it has a sturdier build, a larger touchpad, a wider port selection, and ...",3
MSI Katana A15,MSI Katana A15,94990,AMD Ryzen 7,16GB,Windows 11,1TB SSD,15.6,4,What are the common problems of MSI Katana A15?,Freezing: The laptop may freeze for a few seconds during gaming or other tasks. Blue screens: Frequent blue screen errors can occur. Hard locks: The laptop may hard lock without a blue screen or any input. Performance issues: Some users have reported low performance or stuttering.,2
MSI Katana A15,MSI Katana A15,94990,AMD Ryzen 7,16GB,Windows 11,1TB SSD,15.6,4,Why is my MSI katana 15 so slow?,"If your MSI Laptop is overheating, it is designed to slow itself down to generate less heat. This is often referred to as Thermal Throttling. Check the temperature your hardware is reaching. Use Open Hardware Monitor or any of the other temperature monitoring software.",1
MSI Katana A15,MSI Katana A15,94990,AMD Ryzen 7,16GB,Windows 11,1TB SSD,15.6,4,Is the MSI Katana 15 a good gaming laptop?,"The Bottom Line Powered by Nvidia's entry-level GeForce RTX 5050, MSI's Katana 15 HX delivers smooth 60fps gaming with or without DLSS 4. Despite a few compromises, it's a winning recipe for budget gamers.",4
MSI Katana A15,MSI Katana A15,94990,AMD Ryzen 7,16GB,Windows 11,1TB SSD,15.6,4,Does the MSI Katana A15 have good cooling?,The build quality is sturdy. And you've got a solid selection of ports for connectivity. On the downside. The battery life could be better especially under heavy workloads.,3
MSI Katana A15,MSI Katana A15,94990,AMD Ryzen 7,16GB,Windows 11,1TB SSD,15.6,4,MSI Katana A15 AI B8VF Gaming Laptop,It delivers smooth and reliable performance whether you're gaming or creating content.,4
MSI Katana A15,MSI Katana A15,94990,AMD Ryzen 7,16GB,Windows 11,1TB SSD,15.6,4,MSI Katana A15 B8VF-448US Review,PROS. Solid 1080p gaming performance. Good speakers. Excellent value ; CONS. Short battery life. Mediocre display.,4
MSI Katana A15,MSI Katana A15,94990,AMD Ryzen 7,16GB,Windows 11,1TB SSD,15.6,4,MSI Katana A15 AI (2024) vs Katana 15 (2025),"Based on our estimates, MSI Katana 15 (2025) with Intel Core i7 14650HX, GeForce RTX 5050 Laptop, and 16 GB RAM offers an 4.9% better value-for-money ratio ...",3
MSI Katana A15,MSI Katana A15,94990,AMD Ryzen 7,16GB,Windows 11,1TB SSD,15.6,4,MSI Katana A15 AI (2024) Laptop Review,"The MSI Katana A15 is an excellent budget gaming laptop that delivers smooth gameplay in highly demanding AAA titles. However, you'll want to ...",5
MSI Katana A15,MSI Katana A15,94990,AMD Ryzen 7,16GB,Windows 11,1TB SSD,15.6,4,2025 Laptops Holiday Sales,"Katana 15 B13UDXK-2401IN  Intel Core i5-13420H Processor  Windows 11 Home  NVIDIA GeForce RTX 3050 Laptop GPU, 6GB GDDR6  15.6"" FHD (1920 x 1080), 144Hz IPS ...",3
MSI Katana A15,MSI Katana A15,94990,AMD Ryzen 7,16GB,Windows 11,1TB SSD,15.6,4,MSI Katana 15 HX Review: A Surprisingly Effective Budget ...,"Powered by Nvidia's entry-level GeForce RTX 5050, MSI's Katana 15 HX delivers smooth 60fps gaming with or without DLSS 4.",4
MSI Katana A15,MSI Katana A15,94990,AMD Ryzen 7,16GB,Windows 11,1TB SSD,15.6,4,MSI Katana A15 AI laptop review: RTX 4070 gamer hurt by ...,This 15-inch laptop features a powerful Ryzen processor along with a GeForce RTX 4060 or RTX 4070 - and is massively disappointing in one crucial area.,4
MSI Katana A15,MSI Katana A15,94990,AMD Ryzen 7,16GB,Windows 11,1TB SSD,15.6,4,MSI Katana 15 review  Phenomenal performance in a ...,The MSI Katana 15 boasts excellent RTX 4070-gaming performance and solid productivity scores in a machine that doesn't cost a fortune.,4
MSI Katana A15,MSI Katana A15,94990,AMD Ryzen 7,16GB,Windows 11,1TB SSD,15.6,4,Is MSI a good laptop brand in 2025?,"If you want strong performance, advanced cooling, and competitive pricing, MSI remains an excellent choice in 2025. However, if you need ultra-slim portability or the longest battery life, it may not be your best option.",5
MSI Katana A15,MSI Katana A15,94990,AMD Ryzen 7,16GB,Windows 11,1TB SSD,15.6,4,Why is my MSI Katana 15 so slow?,"If your MSI Laptop is overheating, it is designed to slow itself down to generate less heat. This is often referred to as Thermal Throttling. Check the temperature your hardware is reaching. Use Open Hardware Monitor or any of the other temperature monitoring software.",1
MSI Katana A15,MSI Katana A15,94990,AMD Ryzen 7,16GB,Windows 11,1TB SSD,15.6,4,"About to buy an MSI Katana 15, am i making a good choice?",Title. Max budget is 1.5k which is why Im not getting anything better.,3
MSI Katana A15,MSI Katana A15,94990,AMD Ryzen 7,16GB,Windows 11,1TB SSD,15.6,4,MSI Katana A15 AI (2024) Laptop Review,"Its bulky and heavy design makes it hard to carry around, and its battery life is terrible, at around four hours of light use. Also, it has a ...",2
MSI Katana A15,MSI Katana A15,94990,AMD Ryzen 7,16GB,Windows 11,1TB SSD,15.6,4,Katana A15 AI B8V  Sharpen Your Game,"AMD Ryzen 8040 Series processors are designed to bring delightful, premium experiences with trusted performance, incredible battery life, and the power of ...",3
MSI Katana A15,MSI Katana A15,94990,AMD Ryzen 7,16GB,Windows 11,1TB SSD,15.6,4,MSI Katana 15 HX B14W - Sharpen Your Game,"Katana 15 HX features up to Intel Core i9 processor 14900HX and RTX 50 Series Laptop GPUs. Built for gaming, creation, and AI-powered performance.",3
MSI Katana A15,MSI Katana A15,94990,AMD Ryzen 7,16GB,Windows 11,1TB SSD,15.6,4,MSI Katana A15 AI 15.6 165Hz QHD Gaming Laptop ...,- 1 star: The main drawback to this laptop in my experience is the battery life. You will only get a few hours out of it tops unless you stay in power saving ...,3
MSI Katana A15,MSI Katana A15,94990,AMD Ryzen 7,16GB,Windows 11,1TB SSD,15.6,4,MSI Katana 15 HX Review: A Surprisingly Effective Budget ...,"The battery life is decent, the inputs are comfortable, the ports are plentiful, and the parts generate potent mainstream computing performance.",3
MSI Katana A15,MSI Katana A15,94990,AMD Ryzen 7,16GB,Windows 11,1TB SSD,15.6,4,MSI Katana A15 B8VF-448US Review,PROS. Solid 1080p gaming performance. Good speakers. Excellent value ; CONS. Short battery life. Mediocre display.,4
MSI Katana A15,MSI Katana A15,94990,AMD Ryzen 7,16GB,Windows 11,1TB SSD,15.6,4,MSI Katana 15 review  Phenomenal performance in a ...,"The Katana 15's incredible low-cost performance comes at the price of abysmal battery life. On the Laptop Mag battery test, which involves ...",3
MSI Katana A15,MSI Katana A15,94990,AMD Ryzen 7,16GB,Windows 11,1TB SSD,15.6,4,What is the battery life of the MSI Katana A15?,But can be upgraded. If you need extra features as for the keyboard. It has a four zone RGB backlight with highlighted WD keys and anti- ghosting. It also includes a numpad.,3
MSI Katana A15,MSI Katana A15,94990,AMD Ryzen 7,16GB,Windows 11,1TB SSD,15.6,4,Does the MSI Katana A15 have good cooling?,The build quality is sturdy. And you've got a solid selection of ports for connectivity. On the downside. The battery life could be better especially under heavy workloads.,3
MSI Katana A15,MSI Katana A15,94990,AMD Ryzen 7,16GB,Windows 11,1TB SSD,15.6,4,What are the common problems of MSI Katana A15?,Freezing: The laptop may freeze for a few seconds during gaming or other tasks. Blue screens: Frequent blue screen errors can occur. Hard locks: The laptop may hard lock without a blue screen or any input. Performance issues: Some users have reported low performance or stuttering.,2
Asus Vivobook 16,Asus Vivobook 16,64990,Intel Core i5 13th Gen,16GB,Windows 11,512GB SSD,16,3,"ASUS Vivobook 16, Intel Core i5-12500H, 16GB RAM ...","Customers find the laptop performs well, with good speed and display quality, and consider it a value for money. The battery life receives mixed feedback - ...",3
Asus Vivobook 16,Asus Vivobook 16,64990,Intel Core i5 13th Gen,16GB,Windows 11,512GB SSD,16,3,Is Asus vivobook 16 worth buying? : r/Laptop,"I went to an offline store to check it out, and overall, I liked it. I need it for basic coding, video editing, Excel, Powerpoint, Tally, and web surfing, ...",3
Asus Vivobook 16,Asus Vivobook 16,64990,Intel Core i5 13th Gen,16GB,Windows 11,512GB SSD,16,3,Watch Asus Vivobook 16X - Review on Amazon Live,Shop with expert advice from Lorenzo in their latest video Asus Vivobook 16X - Review.,3
Asus Vivobook 16,Asus Vivobook 16,64990,Intel Core i5 13th Gen,16GB,Windows 11,512GB SSD,16,3,Asus Vivobook 16 | Intel i5 12th Gen 12500H Review | Best ...,"This video is about the Asus Vivobook 16 Review in 2025, The Asus Vivobook 16 i5 12th Generation 12500H is one of the most powerful thin and ...",4
Asus Vivobook 16,Asus Vivobook 16,64990,Intel Core i5 13th Gen,16GB,Windows 11,512GB SSD,16,3,"Asus Vivobook 16 (2025) review: It's not glamorous, but it's ...","The Asus Vivobook 16 (2025) offers decent performance, long battery life, a smooth touchpad, and a big screen. I'm not the biggest fan of the ...",5
Asus Vivobook 16,Asus Vivobook 16,64990,Intel Core i5 13th Gen,16GB,Windows 11,512GB SSD,16,3,ASUS Vivobook 16 (X1605) i5 13th gen Laptop,"ASUS Vivobook 16 X1605VA-MB1627WS is the perfect 16GB RAM laptop to help you complete tasks faster than ever, whether you're at work, at home, or on the go.",5
Asus Vivobook 16,Asus Vivobook 16,64990,Intel Core i5 13th Gen,16GB,Windows 11,512GB SSD,16,3,ASUS Vivobook 16 M1605 (2023) Laptop Review,"The ASUS Vivobook 16 is mediocre for media consumption. It's easy to carry around, and its battery lasts over six hours of video playback, ...",3
Asus Vivobook 16,Asus Vivobook 16,64990,Intel Core i5 13th Gen,16GB,Windows 11,512GB SSD,16,3,"Asus Vivobook 16x 4050, I got a 2,60 Ghz instead of 5,4 Ghz","Great laptop, superb performance, good screen, battery life poor, but charges very quickly, gets hot?: yes, but tolerable. read more.",5
Asus Vivobook 16,Asus Vivobook 16,64990,Intel Core i5 13th Gen,16GB,Windows 11,512GB SSD,16,3,"ASUS Vivobook 16X, 16 Inch WUXGA Business Laptop ...","... Amazon.in: Electronics. ... Reviews, 4.3 out of 5 stars 19Reviews. Screen Size, 15.6 Inches. Native Resolution, 1920 x 1200 pixels. Display Type, LED. Maximum ...",3
Asus Vivobook 16,Asus Vivobook 16,64990,Intel Core i5 13th Gen,16GB,Windows 11,512GB SSD,16,3,Is the ASUS Vivobook worth buying?,"The Asus VivoBook 15 does a lot of things well for the price: sleek design, capable performance, fast charging, and a near-frameless display that looks great on a desk.",5
Asus Vivobook 16,Asus Vivobook 16,64990,Intel Core i5 13th Gen,16GB,Windows 11,512GB SSD,16,3,Is the ASUS Vivobook 16 good for office work?,"If you don't need super-high-end GPU, this will serve well. For those who do office work, reports, presentations, maybe occasional video work, this provides more than enough muscle. If your tasks are emails, web browsing, streaming, some multitasking, this laptop will feel fast and responsive.",4
Asus Vivobook 16,Asus Vivobook 16,64990,Intel Core i5 13th Gen,16GB,Windows 11,512GB SSD,16,3,Asus Vivobook 16x Intel Core I5 12th Gen 12500h 16 Gb ...,"The laptop is amazing, although there is some heating issue while playing heavy games but it can be reduced by cooling pads. Overall it is value for money.",1
Asus Vivobook 16,Asus Vivobook 16,64990,Intel Core i5 13th Gen,16GB,Windows 11,512GB SSD,16,3,Asus Vivobook 16 Amd Ryzen 5 Hexa Core 7530u 8 Gb ...,I use it around one month. My review battery is very good And overall performance is good But i face wi fi connecting problem many time. Flipkart Customer.,2
Asus Vivobook 16,Asus Vivobook 16,64990,Intel Core i5 13th Gen,16GB,Windows 11,512GB SSD,16,3,Buy ASUS Vivobook 16 Intel Core i5 13th Gen 1335U,Ratings and reviews. 4.3. Very Good. based on 124 ratings by. Verified Buyers. Image ... After using 10 days I am writing this review Best product if you ...,4
Asus Vivobook 16,Asus Vivobook 16,64990,Intel Core i5 13th Gen,16GB,Windows 11,512GB SSD,16,3,Asus Vivobook 16 (2025) Review: A Productive Laptop!,The Vi Book 16 is a very well put together device despite having a full plastic build from top to bottom it feels sturdy and it feels durable.,3
Asus Vivobook 16,Asus Vivobook 16,64990,Intel Core i5 13th Gen,16GB,Windows 11,512GB SSD,16,3,ASUS Vivobook 16 (2025) with Office 2024 + M365 Basic ...,2 months ago. The laptop is so far good. Used it for like a day or two. Might g... more. Flipkart Customer. Image. Verified Buyer. 2. 0. Show all reviews.,3
Asus Vivobook 16,Asus Vivobook 16,64990,Intel Core i5 13th Gen,16GB,Windows 11,512GB SSD,16,3,ASUS Vivobook 16 AMD Ryzen 5 Hexa Core 7530U,Ratings and reviews. 4.4. Very Good. based on 169 ratings by. Verified Buyers.,3
Asus Vivobook 16,Asus Vivobook 16,64990,Intel Core i5 13th Gen,16GB,Windows 11,512GB SSD,16,3,ASUS Vivobook 16 Intel Core i5 12th Gen 12500H,Efficient graphics for everyday use. Image. 1.8 Kg. Lightweight and easy to carry ... Ratings and reviews. 4. Good. based on 23 ratings by. Verified Buyers.,4
Asus Vivobook 16,Asus Vivobook 16,64990,Intel Core i5 13th Gen,16GB,Windows 11,512GB SSD,16,3,ASUS Vivobook 16 (2025) with Office 2024 + M365 Basic ...,Intel Core Ultra 5. Experience lightning-fast speed ; 16 GB | 512 GB. Smooth gaming and video editing experience ; 16 Inch | Full HD Display | 60 Hz. Clear and ...,5
Asus Vivobook 16,Asus Vivobook 16,64990,Intel Core i5 13th Gen,16GB,Windows 11,512GB SSD,16,3,ASUS Vivobook 16 (2025) with Office 2024 + M365 Basic ...,ASUS Vivobook 16 (2025) with Office 2024 + M365 Basic* Intel Core... more ... Just wow! ... It's a good laptop. ... Product was good but battery backup is very poor.,2
Asus Vivobook 16,Asus Vivobook 16,64990,Intel Core i5 13th Gen,16GB,Windows 11,512GB SSD,16,3,Asus Vivobook Laptops at Best Price | BBD Deals,The best way to compare and explore the features of these laptops is to use the online shopping method that gives you access to reviews and detailed specs.,4
Asus Vivobook 16,Asus Vivobook 16,64990,Intel Core i5 13th Gen,16GB,Windows 11,512GB SSD,16,3,Is the ASUS Vivobook worth buying?,"The Asus VivoBook 15 does a lot of things well for the price: sleek design, capable performance, fast charging, and a near-frameless display that looks great on a desk.",5
Asus Vivobook 16,Asus Vivobook 16,64990,Intel Core i5 13th Gen,16GB,Windows 11,512GB SSD,16,3,Is Asus vivobook 16 worth buying? : r/Laptop,"I went to an offline store to check it out, and overall, I liked it. I need it for basic coding, video editing, Excel, Powerpoint, Tally, and web surfing, ...",3
Asus Vivobook 16,Asus Vivobook 16,64990,Intel Core i5 13th Gen,16GB,Windows 11,512GB SSD,16,3,Don't Buy Asus VivoBook & Why I Switched After 8 Years Asus ...,In this video I'm going to explain why I am switching from Asus Vivobook which is far more advanced when it comes down to the hardware to a Huawei laptop.,3
Asus Vivobook 16,Asus Vivobook 16,64990,Intel Core i5 13th Gen,16GB,Windows 11,512GB SSD,16,3,Is the ASUS VivoBook 16X good on Reddit?,"Overall good experience though just used for mostly coding. Go for it. But if you want want to use heavy 3d softwares like maya,unity ,etc i would suggest increase budget. Better buy a dedicated gpu model with good TGP too if u wanna do AIML task + Gaming...",3
Asus Vivobook 16,Asus Vivobook 16,64990,Intel Core i5 13th Gen,16GB,Windows 11,512GB SSD,16,3,"Asus Vivobook 16 (2025) review: It's not glamorous, but it's ...","The Asus Vivobook 16 (2025) offers decent performance, long battery life, a smooth touchpad, and a big screen. I'm not the biggest fan of the ...",5
Asus Vivobook 16,Asus Vivobook 16,64990,Intel Core i5 13th Gen,16GB,Windows 11,512GB SSD,16,3,ASUS Vivobook S16 OLED Review (2025) - Laptop,"Stunning OLED display, Heavier than ultra-portables ; Excellent performance for multitasking, Lacks dedicated GPU for gaming/creative work ; Long battery life and ...",5
Asus Vivobook 16,Asus Vivobook 16,64990,Intel Core i5 13th Gen,16GB,Windows 11,512GB SSD,16,3,ASUS Vivobook S16 OLED (2025) - OLED Windows Laptop ...,You get Snapdragon X inside a thin and light premium build with an OLED display all day battery life great port selection and solid AIdriven performance.,4
Asus Vivobook 16,Asus Vivobook 16,64990,Intel Core i5 13th Gen,16GB,Windows 11,512GB SSD,16,3,ASUS Vivobook 16 (2025) Review,Dim and dull display  Color accuracy is subpar for media consumption or creative work  Mediocre speakers that lack depth  Multi-core performance ...,3
Asus Vivobook 16,Asus Vivobook 16,64990,Intel Core i5 13th Gen,16GB,Windows 11,512GB SSD,16,3,"Asus V16 review - budget gaming laptop (Core 7, RTX 5050)","So all in all, this V16 series is a low to mid-level performer, and a rather peculiar mix of specs as of mid 2025. It's an older-gen processor ...",3
Asus Vivobook 16,Asus Vivobook 16,64990,Intel Core i5 13th Gen,16GB,Windows 11,512GB SSD,16,3,ASUS Vivobook 16 (2025) laptop review,"Battery life  Calm design, Portability, Build quality  Good display  Face scanning with additional features  Keyboard and trackpad with ...",3
Asus Vivobook 16,Asus Vivobook 16,64990,Intel Core i5 13th Gen,16GB,Windows 11,512GB SSD,16,3,"ASUS Vivobook 16 Flip Quick Review: Big Screen, 360 ...","The ASUS Vivobook 16 Flip is a versatile 2-in-1 laptop designed for those who need flexibility, performance, and style in one device.",3
Asus Vivobook 16,Asus Vivobook 16,64990,Intel Core i5 13th Gen,16GB,Windows 11,512GB SSD,16,3,Is Asus vivobook 16 worth buying? : r/Laptop,"I went to an offline store to check it out, and overall, I liked it. I need it for basic coding, video editing, Excel, Powerpoint, Tally, and web surfing, ...",3
Asus Vivobook 16,Asus Vivobook 16,64990,Intel Core i5 13th Gen,16GB,Windows 11,512GB SSD,16,3,ASUS Vivobook 16 Review 2026: Worth Buying?,"The ASUS Vivobook 16 with Intel Core i5-13420H stands out as a well-balanced productivity laptop in 2026. It offers strong CPU performance, a ...",3
Asus Vivobook 16,Asus Vivobook 16,64990,Intel Core i5 13th Gen,16GB,Windows 11,512GB SSD,16,3,Is the ASUS vivobook worth buying?,"The Asus VivoBook 15 does a lot of things well for the price: sleek design, capable performance, fast charging, and a near-frameless display that looks great on a desk.",5
Asus Vivobook 16,Asus Vivobook 16,64990,Intel Core i5 13th Gen,16GB,Windows 11,512GB SSD,16,3,"ASUS Laptops, Desktops, AIO, Mobiles & Accessories | ASUS ...","ASUS India offers the latest laptops, PCs, desktops, mobiles & accessories. Perfect for work, gaming, or daily use. Explore IoT & networking solutions ...",4
Asus Vivobook 16,Asus Vivobook 16,64990,Intel Core i5 13th Gen,16GB,Windows 11,512GB SSD,16,3,ASUS,"ASUS is a global technology leader that provides the world's most innovative and intuitive devices, components and solutions to deliver incredible experiences.",3
Asus Vivobook 16,Asus Vivobook 16,64990,Intel Core i5 13th Gen,16GB,Windows 11,512GB SSD,16,3,Asus - Laptops: Computers & Accessories,"ASUS Vivobook 15, 13th Gen, Intel Core i3-1315U, 16GB RAM, 512GB SSD, FHD, Anti-Glare, 15.6"", 39.6 cm, Windows 11 Home, M365 Basic(1yr)* Office24, Quiet Blue, ...",3
Asus Vivobook 16,Asus Vivobook 16,64990,Intel Core i5 13th Gen,16GB,Windows 11,512GB SSD,16,3,Asus,"ASUS is a Taiwanese [7] multinational computer, phone hardware and electronics manufacturer headquartered in Beitou District, Taipei, Taiwan.",3
Asus Vivobook 16,Asus Vivobook 16,64990,Intel Core i5 13th Gen,16GB,Windows 11,512GB SSD,16,3,ASUS (@asus)  Instagram photos and videos,"Stay updated with the latest news on #ASUS laptops, desktops, smartphones, components, and accessories. Creator channel / art, design & tech  @proart",3
Asus Vivobook 16,Asus Vivobook 16,64990,Intel Core i5 13th Gen,16GB,Windows 11,512GB SSD,16,3,ASUS (@AsusIndia),"Welcome to the official ASUS India page! Your ultimate destination for cutting-edge technology, innovation, and unrivaled performance.",3
Asus Vivobook 16,Asus Vivobook 16,64990,Intel Core i5 13th Gen,16GB,Windows 11,512GB SSD,16,3,Does ASUS is better than HP?,"Not universallyASUS leads in gaming and innovation, while HP excels in durability and business use. Q2: Which is more affordable? Both have budget lines, but HP offers more consistency at entry- and mid-level prices.",3
Asus Vivobook 16,Asus Vivobook 16,64990,Intel Core i5 13th Gen,16GB,Windows 11,512GB SSD,16,3,What is the rank of ASUS in India?,Laptop Brand Ranking in India: Market Share Overview,3
HP Victus,HP Victus,68990,AMD Ryzen 5,16GB,Windows 11,512GB SSD,15.6,4,"HP Victus, 13th Gen Intel Core i5-13420H, 6GB RTX 3050 ...","Customers find the laptop offers good value for money. However, the build quality and performance receive mixed feedback, with several customers reporting poor ...",2
HP Victus,HP Victus,68990,AMD Ryzen 5,16GB,Windows 11,512GB SSD,15.6,4,HP Victus launched on Amazon for 1.17L approx,The 70WHr Battery could be a weak point but it's mostly standard. May not really have worse cooling than the other laptops at least. The Victus ...,3
HP Victus,HP Victus,68990,AMD Ryzen 5,16GB,Windows 11,512GB SSD,15.6,4,This Laptop Fulfills Your Basic Gaming Needs - HP Victus 15 ...,i can't believe this thing exists. This is perfect for any college student who doesn't want or have the space for a desktop.,4
HP Victus,HP Victus,68990,AMD Ryzen 5,16GB,Windows 11,512GB SSD,15.6,4,HP Victus 15 (2025) Review: Budget-Friendly and Battle- ...,"HP's budget-priced Victus 15 gaming laptop is an affordable gateway into mobile PC gaming, bringing a brighter display and roomier storage ...",3
HP Victus,HP Victus,68990,AMD Ryzen 5,16GB,Windows 11,512GB SSD,15.6,4,HP Victus 16 (2024) Laptop Review,"The HP Victus 16 2024 is decent for general productivity. It feels well-built and offers a great user experience thanks to its large screen, ...",4
HP Victus,HP Victus,68990,AMD Ryzen 5,16GB,Windows 11,512GB SSD,15.6,4,HP Victus 15 (2023) Review: Breaking The Price To ...,The HP Victus has a lot to prove and this review we're gonna see if it can live up to your expectations and all also if it's a good gaming machine.,3
HP Victus,HP Victus,68990,AMD Ryzen 5,16GB,Windows 11,512GB SSD,15.6,4,HP Victus 16 (S100) review: A stellar gaming laptop for the ...,"The HP Victus 16 boasts impressive gaming performance for the price along with above-average battery life, but one glaring flaw holds it back from perfection.",5
HP Victus,HP Victus,68990,AMD Ryzen 5,16GB,Windows 11,512GB SSD,15.6,4,HP Victus Gaming Laptop - Good Specs But at What Cost?,I buy acer predator helioes neo 16 (4050) last year after watching your video. It was fantastic laptop. Everything is top notch . Perfect for me as Student and ...,5
HP Victus,HP Victus,68990,AMD Ryzen 5,16GB,Windows 11,512GB SSD,15.6,4,Why is HP Victus discontinued?,"It's possible that specific models within the Victus series have been phased out to make way for newer models or updated technology, which is a common practice in the tech industry. For the most current information, it would be best to check directly with HP or recent tech news sources.",4
HP Victus,HP Victus,68990,AMD Ryzen 5,16GB,Windows 11,512GB SSD,15.6,4,Is the HP Victus 15 worth buying?,And the build quality isn't as premium as more expensive laptops. But it's decent for the price.,2
HP Victus,HP Victus,68990,AMD Ryzen 5,16GB,Windows 11,512GB SSD,15.6,4,Latest Review of Hp Victus Intel Core I5 12th Gen 16 Gb ...,Review for: Color Performance Blue  Dedicated Graphic Memory Capacity 4 GB  Processor 12th Gen | Core i5 | 12450H  SSD Capacity 512 GB  Screen Size 15.6 ...,3
HP Victus,HP Victus,68990,AMD Ryzen 5,16GB,Windows 11,512GB SSD,15.6,4,Is HP Victus 16 worth buying for a student?,Is HP Victus 16 worth buying for a student?,4
HP Victus,HP Victus,68990,AMD Ryzen 5,16GB,Windows 11,512GB SSD,15.6,4,Hp Victus Gaming 15 With Backlit Amd Ryzen 5 Hexa Core ...,"Beautiful Laptop, beautiful display, nice and smooth performance very good processor only concern that ms office is only for 6 months ... Kamal Deep. , ...",5
HP Victus,HP Victus,68990,AMD Ryzen 5,16GB,Windows 11,512GB SSD,15.6,4,HP Gaming Laptops Deals - Flipkart Gaming Friday,Best Gaming & Productivity Laptops for Every Budget to Buy in the Flipkart & Amazon Sale  HP OMEN vs HP VICTUS: The Battle Royal Of Gaming ...,4
HP Victus,HP Victus,68990,AMD Ryzen 5,16GB,Windows 11,512GB SSD,15.6,4,HP Victus 15 (2025) Review - HP's Budget RTX 5060 Option,The Victus is HP's budgetfriendly gaming laptop but a cheaper laptop means corners have to be cut somewhere so let's find out what's good and what's bad.,2
HP Victus,HP Victus,68990,AMD Ryzen 5,16GB,Windows 11,512GB SSD,15.6,4,HP Victus Gaming Laptop Review: The Perfect Choice for ...,"The HP Victus gaming laptop series offers exceptional performance, stunning visuals, and impressive audio at a price point that outshines competitors in the ...",5
HP Victus,HP Victus,68990,AMD Ryzen 5,16GB,Windows 11,512GB SSD,15.6,4,Latest Review of Hp Victus Ryzen 7 Octa Core 5800h 16 ...,Review for: Color Mica Silver  Dedicated Graphic Memory Capacity 4 GB  System Memory 16 GB. Sound quality is good but sound is very low. Flipkart Customer.,3
HP Victus,HP Victus,68990,AMD Ryzen 5,16GB,Windows 11,512GB SSD,15.6,4,HP Victus 16 (2023) Review - Still the Budget King?,The Victus is meant to be HP's cheaper more budget-friendly gaming laptop option compared to the higher tier Omen series.,3
HP Victus,HP Victus,68990,AMD Ryzen 5,16GB,Windows 11,512GB SSD,15.6,4,HP Victus 16 D Series Price (25 May 2026) Specification ...,"65,999. HP Victus 16 D Series User Review and Ratings. 5.0 3 ratings & 1 review. 5 . 3; 4 . 3 . 2 . 1 . Write Your Review. Displaying 1 of 1 review.",3
HP Victus,HP Victus,68990,AMD Ryzen 5,16GB,Windows 11,512GB SSD,15.6,4,Is HP Victus a good choice?,"Overall, the Victus' numbers suggest it's a dependable choice for entry-level 1080p gaming, though demanding titles like Cyberpunk 2077 will likely require dialing down the settings for the smoothest performance.",4
HP Victus,HP Victus,68990,AMD Ryzen 5,16GB,Windows 11,512GB SSD,15.6,4,What is the problem of HP Victus?,"Flickering is one of the most frustrating HP Victus display issues, especially when it shows up mid-match or while alt-tabbing between a game and Discord. Most flicker comes from software conflicts or incorrect settings rather than faulty hardware, so these are the first fixes you should try.",2
HP Victus,HP Victus,68990,AMD Ryzen 5,16GB,Windows 11,512GB SSD,15.6,4,Why is HP Victus discontinued?,"It's possible that specific models within the Victus series have been phased out to make way for newer models or updated technology, which is a common practice in the tech industry. For the most current information, it would be best to check directly with HP or recent tech news sources.",4
HP Victus,HP Victus,68990,AMD Ryzen 5,16GB,Windows 11,512GB SSD,15.6,4,HP Victus 15 Review  Incredible Performance with a Few ...,"The HP Victus 15 has been an excellent investment for me. It performs exceptionally well for gaming, graphic design, and video editing.",4
HP Victus,HP Victus,68990,AMD Ryzen 5,16GB,Windows 11,512GB SSD,15.6,4,r/HPVictus,r/HPVictus: Unleashing the power of HP Victus Gaming laptops  your portal to immersive gaming experiences and tech talk!,3
HP Victus,HP Victus,68990,AMD Ryzen 5,16GB,Windows 11,512GB SSD,15.6,4,r/HPVictus,r/HPVictus: Unleashing the power of HP Victus Gaming laptops  your portal to immersive gaming experiences and tech talk!,3
HP Victus,HP Victus,68990,AMD Ryzen 5,16GB,Windows 11,512GB SSD,15.6,4,HP Victus 16 (2025) Review  A Budget Gaming Beast That ...,"The HP Victus 16 (2025) nails the formula for budget gaming in 2025. It plays everything you throw at it, lasts nearly a full workday on battery ...",3
HP Victus,HP Victus,68990,AMD Ryzen 5,16GB,Windows 11,512GB SSD,15.6,4,HP Victus 16 (S100) review: A stellar gaming laptop for the ...,"The HP Victus 16 boasts impressive gaming performance for the price along with above-average battery life, but one glaring flaw holds it back from perfection.",5
HP Victus,HP Victus,68990,AMD Ryzen 5,16GB,Windows 11,512GB SSD,15.6,4,HP Victus 15 (2025) RTX 5050 Review  Best Gaming Laptop ...,Here we did HP Victus Nvidia RTX 5050 with Intel 13th Gen i7-13620H an Unboxing and Detailed Review with Complete Benchmarks and Gaming Test ...,3
HP Victus,HP Victus,68990,AMD Ryzen 5,16GB,Windows 11,512GB SSD,15.6,4,HP Victus 15 (2025),"HP's budget-priced Victus 15 gaming laptop is an affordable gateway into mobile PC gaming, bringing a brighter display and roomier storage ...",3
HP Victus,HP Victus,68990,AMD Ryzen 5,16GB,Windows 11,512GB SSD,15.6,4,r/HPVictus - is the laptop good in 2025,I was looking for a laptop before the college start. I have only 50k inr as a budget. can i consider it over a thinkbook?,3
HP Victus,HP Victus,68990,AMD Ryzen 5,16GB,Windows 11,512GB SSD,15.6,4,HP Victus 15-fa2009xx (2025) Review: Affordable Gaming ...,"At its core, it's a budget gaming laptop that plays it safe. The RTX 5060 at 80W still packs enough muscle to outpace last-gen 4060 setups, and ...",3
HP Victus,HP Victus,68990,AMD Ryzen 5,16GB,Windows 11,512GB SSD,15.6,4,HP Victus 15 2025 Review #gaming #laptop #review ...,It might not be the most powerful laptop out there but it is an absolute value proposition that's able to play even the most demanding of games.,4
HP Victus,HP Victus,68990,AMD Ryzen 5,16GB,Windows 11,512GB SSD,15.6,4,VICTUS Laptops,"HP Victus laptops are built with premium materials, such as metal alloys, and are equipped with powerful processors, high-quality displays, ...",4
HP Victus,HP Victus,68990,AMD Ryzen 5,16GB,Windows 11,512GB SSD,15.6,4,Is HP Victus good in 2025?,"Just solid performance, clean lines, and enough juice to game all night. You've seen the gaming laptops that scream for attentionpulsing RGBs, aggressive edges, and enough plastic vents to mimic a spaceship. The HP Victus 16 (2025) doesn't care about any of that.",3
HP Victus,HP Victus,68990,AMD Ryzen 5,16GB,Windows 11,512GB SSD,15.6,4,Is the HP Victus 15 worth buying?,And the build quality isn't as premium as more expensive laptops. But it's decent for the price.,2
HP Victus,HP Victus,68990,AMD Ryzen 5,16GB,Windows 11,512GB SSD,15.6,4,HP Victus 15 Review  Incredible Performance with a Few ...,"The HP Victus 15 has been an excellent investment for me. It performs exceptionally well for gaming, graphic design, and video editing.",4
HP Victus,HP Victus,68990,AMD Ryzen 5,16GB,Windows 11,512GB SSD,15.6,4,I've recently bought an HP victus 15 and the battery only ...,Ive recently bought an HP victus 15 and the battery only lasts for about an hour and 30 minutes just by watching YouTube videos. How can I improve ...,3
HP Victus,HP Victus,68990,AMD Ryzen 5,16GB,Windows 11,512GB SSD,15.6,4,HP Victus 15-fa2009xx (2025) Review: Affordable Gaming ...,"The 70Wh battery isn't huge, but it delivers respectable endurance. In the PCMark 10 video loop test at 80% brightness, the Victus managed 4 ...",3
HP Victus,HP Victus,68990,AMD Ryzen 5,16GB,Windows 11,512GB SSD,15.6,4,HP Victus 16 (S100) review: A stellar gaming laptop for the ...,"The HP Victus 16 boasts impressive gaming performance for the price along with above-average battery life, but one glaring flaw holds it back from perfection.",5
HP Victus,HP Victus,68990,AMD Ryzen 5,16GB,Windows 11,512GB SSD,15.6,4,Balancing temperature and performance in HP gaming PCs,HP OMEN and HP Victus computers use Performance Mode to balance between performance and temperature.,3
HP Victus,HP Victus,68990,AMD Ryzen 5,16GB,Windows 11,512GB SSD,15.6,4,HP Victus 16 Laptop Review: A 1080p gaming ...,"Right off the bat, the HP Victus 16 gets hot to the touch after some time gaming. Its plastic chassis does a poor job of insulating the heat ...",2
HP Victus,HP Victus,68990,AMD Ryzen 5,16GB,Windows 11,512GB SSD,15.6,4,Does Victus have a heating issue?,"For optimal performance, aim to keep your HP Victus 15 gaming temperature for the CPU and GPU below 85-90C. Sustained temperatures above this can lead to thermal throttling.",3
HP Victus,HP Victus,68990,AMD Ryzen 5,16GB,Windows 11,512GB SSD,15.6,4,Does Victus have good battery life?,"The Victus showcased impressive battery life for a gaming laptop, lasting more than 12 hours on a single charge. The Acer came in second, just shy of 10 hours, while the Dell and Gigabyte models couldn't reach 8 hours.",4
HP Victus,HP Victus,68990,AMD Ryzen 5,16GB,Windows 11,512GB SSD,15.6,4,What are common problems with the HP Victus?,"Flicker is one of the most common HP Victus display issues, and it's usually caused by software conflicts, especially after major Windows or graphics driver updates.",2
HP Victus,HP Victus,68990,AMD Ryzen 5,16GB,Windows 11,512GB SSD,15.6,4,Is 75c too hot for a CPU laptop?,"perfectly fine for temps, GPU could be running a little cooler but you're fine and most current gen CPU's will hover around 70c on load....my Ryzen9 7900x sits around 70c on average when under load. As normal as it gets, if you start getting into the 90s then it's worth looking into potential issues.",5
Dell G15,Dell G15,79990,Intel Core i5 13th Gen,16GB,Windows 11,512GB SSD,15.6,4,"Dell G15, 13th Gen Intel Core i5-13450HX Processor ...","The Dell G15 5530 is a fantastic gaming laptop that offers an excellent balance of performance, build quality, and affordability. With the Intel Core i5-13450HX ...",5
Dell G15,Dell G15,79990,Intel Core i5 13th Gen,16GB,Windows 11,512GB SSD,15.6,4,Dell G15 (2022) Laptop Review,"The Dell G15 is only mediocre for school use. It's a bulky and heavy laptop that's hard to carry around, and its battery lasts less than five ...",3
Dell G15,Dell G15,79990,Intel Core i5 13th Gen,16GB,Windows 11,512GB SSD,15.6,4,Dell G15 (2023) Review,"The Dell G15's low base price and wild hues will tempt budget-minded gamers, but the upscale model we reviewed is outmatched among midrange gaming laptops.",3
Dell G15,Dell G15,79990,Intel Core i5 13th Gen,16GB,Windows 11,512GB SSD,15.6,4,DELL G15 Review! i5 13450HX & RTX 3050 - Worth Your ...,In this video I'm going to do an in-depth review of the Dell G15 that comes with Core i5 13450HX and RTX 3050 and find out whether you should invest your money,3
Dell G15,Dell G15,79990,Intel Core i5 13th Gen,16GB,Windows 11,512GB SSD,15.6,4,I just bought the Dell G15 laptop on amazon with the rtx ...,Dell's build quality is generally on the low end of most manufacturers. The reality is that the 3050 Ti isn't that great for most applications.,4
Dell G15,Dell G15,79990,Intel Core i5 13th Gen,16GB,Windows 11,512GB SSD,15.6,4,Dell G15 (5530) Review: Retro on the Outside,"The Dell G15 (5530) is a capable, mid-priced gaming machine at 1080p, with a bright, vivid display. While it comes in fun colors, you can only get them in ...",3
Dell G15,Dell G15,79990,Intel Core i5 13th Gen,16GB,Windows 11,512GB SSD,15.6,4,Dell G15 review: well-priced gaming performance - T3,The G15 offers a lot of gaming performance in a well-priced package. Games should run smoothly too with the 165Hz monitor rounding out a more affordable ...,4
Dell G15,Dell G15,79990,Intel Core i5 13th Gen,16GB,Windows 11,512GB SSD,15.6,4,What are the disadvantages of Dell G15?,"It's thick, heavy, and suffers short battery life. The display is crisp in motion but otherwise mediocre, the keyboard is so-so, and the touchpad is small. Wi-Fi connectivity is stuck on Wi-Fi 6 and there's only one USB-C port. These downsides make it harder to recommend the Dell G15.",3
Dell G15,Dell G15,79990,Intel Core i5 13th Gen,16GB,Windows 11,512GB SSD,15.6,4,Is the G15 worth the money?,But it does the job done. So is the Dell. G15 worth your money in my opinion. Absolutely for gamers on a budget who want a solid gaming laptop.,4
Dell G15,Dell G15,79990,Intel Core i5 13th Gen,16GB,Windows 11,512GB SSD,15.6,4,What are the common problems with Dell G15?,This means the laptop. Doesn't know how to properly switch between your integrated graphics for light tasks. And your dedicated. And Nvidia GPU for gaming the result games crash the screen flickers.,2
Dell G15,Dell G15,79990,Intel Core i5 13th Gen,16GB,Windows 11,512GB SSD,15.6,4,How old is a Dell G15?,Dell released the G15 series of laptops in 2021.,3
Dell G15,Dell G15,79990,Intel Core i5 13th Gen,16GB,Windows 11,512GB SSD,15.6,4,Dell G15 Amd Ryzen 5 Hexa Core R5 5600h 8 Gb 512 ...,Read Latest Reviews of Dell G15 Amd Ryzen 5 ... 95% Positive feedback. 5% Negative feedback. User reviews sorted by. Most Helpful. Latest. Positive. Negative.,3
Dell G15,Dell G15,79990,Intel Core i5 13th Gen,16GB,Windows 11,512GB SSD,15.6,4,Dell G15 After 1 Year  Still Worth It or Time to Upgrade?,"I own g15 like from 2 years. And here are my reviews: 1. Best laptop for everything whether its gaming, coding, video editing, photo editing ...",4
Dell G15,Dell G15,79990,Intel Core i5 13th Gen,16GB,Windows 11,512GB SSD,15.6,4,DELL G15 Intel Core i7 11th Gen 11800H,"Laptop, Battery, Adapter, Cables and User Manuals. Laptop, Battery, Adapter ... Ratings and reviews. 4.3. Very Good. based on 19 ratings by. Verified Buyers.",3
Dell G15,Dell G15,79990,Intel Core i5 13th Gen,16GB,Windows 11,512GB SSD,15.6,4,Latest Review of Dell G15 Intel Core I5 10th Gen 10200h ...,Read Latest Reviews of Dell G15 Intel Core I5 10th Gen 10200h 16 Gb 512 Gb Ssd Windows 10 4 Graphics Nvidia Geforce Gtx 3050 120 Hz G15 5510 Gaming Laptop ...,3
Dell G15,Dell G15,79990,Intel Core i5 13th Gen,16GB,Windows 11,512GB SSD,15.6,4,Dell G15 Gaming Laptop Price (23 May 2026) Specification ...,"Dell G15 Gaming Laptop best price is Rs. 72299 as on 23rd May 2026. See full specifications, expert reviews, user ratings, and more.",4
Dell G15,Dell G15,79990,Intel Core i5 13th Gen,16GB,Windows 11,512GB SSD,15.6,4,Dell G15 Amd Ryzen 5 Hexa Core 5600h 8 Gb 512 Gb Ssd ...,Read Latest Reviews of Dell G15 Amd Ryzen 5 ... 96% Positive feedback. 4% Negative feedback. User reviews sorted by. Most Helpful. Latest. Positive. Negative.,3
Dell G15,Dell G15,79990,Intel Core i5 13th Gen,16GB,Windows 11,512GB SSD,15.6,4,DELL G15 Review - The More Affordable Alienware!,Review of the DELL G15 gaming laptop. It packs a RTX 4060 and an I7-13650HX for a pretty decent price.,3
Dell G15,Dell G15,79990,Intel Core i5 13th Gen,16GB,Windows 11,512GB SSD,15.6,4,Dell G15 (2023) Review,"The Dell G15's low base price and wild hues will tempt budget-minded gamers, but the upscale model we reviewed is outmatched among midrange gaming laptops.",3
Dell G15,Dell G15,79990,Intel Core i5 13th Gen,16GB,Windows 11,512GB SSD,15.6,4,Dell G15 5530 review: A stylish gaming laptop that is ...,The Dell G15 5530 boasts a tactile keyboard with a dedicated number pad that has an orange backlight and feels fantastic while gaming.,4
Dell G15,Dell G15,79990,Intel Core i5 13th Gen,16GB,Windows 11,512GB SSD,15.6,4,DELL G15 Intel Core i5 12th Gen 12500H,Ratings and reviews. 4.1. Very Good. based on 337 ratings by. Verified ... Can I use for coding/programming in g15? Yes. Seller. Show all questions & answers.,3
Dell G15,Dell G15,79990,Intel Core i5 13th Gen,16GB,Windows 11,512GB SSD,15.6,4,Is the G15 worth the money?,But it does the job done. So is the Dell. G15 worth your money in my opinion. Absolutely for gamers on a budget who want a solid gaming laptop.,4
Dell G15,Dell G15,79990,Intel Core i5 13th Gen,16GB,Windows 11,512GB SSD,15.6,4,What are the disadvantages of Dell G15?,"It's thick, heavy, and suffers short battery life. The display is crisp in motion but otherwise mediocre, the keyboard is so-so, and the touchpad is small. Wi-Fi connectivity is stuck on Wi-Fi 6 and there's only one USB-C port. These downsides make it harder to recommend the Dell G15.",3
Dell G15,Dell G15,79990,Intel Core i5 13th Gen,16GB,Windows 11,512GB SSD,15.6,4,What are the common problems with Dell G15?,This means the laptop. Doesn't know how to properly switch between your integrated graphics for light tasks. And your dedicated. And Nvidia GPU for gaming the result games crash the screen flickers.,2
Dell G15,Dell G15,79990,Intel Core i5 13th Gen,16GB,Windows 11,512GB SSD,15.6,4,Why does the Dell G15 have an overheating problem?,"Your Dell computer can overheat because of insufficient air flow due to dust or debris blocking the air vents, exhaust ports, or a clogged fan. An overheating computer can intermittently restart, shutdown, or experience performance issues. Eventually excessive heat can damage the internal components.",1
Dell G15,Dell G15,79990,Intel Core i5 13th Gen,16GB,Windows 11,512GB SSD,15.6,4,Is the dell g15 good? : r/GamingLaptops,Will that laptop be good for engineering and gaming? Have anyone experienced problems with it after a period of time specially its high temperature ...,2
Dell G15,Dell G15,79990,Intel Core i5 13th Gen,16GB,Windows 11,512GB SSD,15.6,4,"Dell G15 (2022) - Worst Gaming Laptop Ever, But I Fixed It!",Dell's G15 was shaping up to be the worst gaming laptop that we've ever tested but I think I fixed it.,2
Dell G15,Dell G15,79990,Intel Core i5 13th Gen,16GB,Windows 11,512GB SSD,15.6,4,Dell G15 After 1 Year  Still Worth It or Time to Upgrade?,"I own g15 like from 2 years. And here are my reviews: 1. Best laptop for everything whether its gaming, coding, video editing, photo editing ...",4
Dell G15,Dell G15,79990,Intel Core i5 13th Gen,16GB,Windows 11,512GB SSD,15.6,4,Dell G15 Review  Overhyped? Get This Instead,I may earn a commission at no extra cost to you. Dell G15 Review  Overhyped? Get This Instead | Real Use Rating. 19 views  4 days ago,3
Dell G15,Dell G15,79990,Intel Core i5 13th Gen,16GB,Windows 11,512GB SSD,15.6,4,Dell G15 Review - The Best Gaming Laptop,The g15 delivers excellent performance good Cooling and a great display at a reasonable price point.,5
Dell G15,Dell G15,79990,Intel Core i5 13th Gen,16GB,Windows 11,512GB SSD,15.6,4,Dell G15 Review - 3 BIG Problems!,I'm having a much better gaming experience with this G15 than I had with my previous Asus Zephyrus. I would strongly recommend this laptop.,3
Dell G15,Dell G15,79990,Intel Core i5 13th Gen,16GB,Windows 11,512GB SSD,15.6,4,What are the disadvantages of Dell G15?,"It's thick, heavy, and suffers short battery life. The display is crisp in motion but otherwise mediocre, the keyboard is so-so, and the touchpad is small. Wi-Fi connectivity is stuck on Wi-Fi 6 and there's only one USB-C port. These downsides make it harder to recommend the Dell G15.",3
Dell G15,Dell G15,79990,Intel Core i5 13th Gen,16GB,Windows 11,512GB SSD,15.6,4,Why does the Dell G15 have an overheating problem?,"Your Dell computer can overheat because of insufficient air flow due to dust or debris blocking the air vents, exhaust ports, or a clogged fan. An overheating computer can intermittently restart, shutdown, or experience performance issues. Eventually excessive heat can damage the internal components.",1
Dell G15,Dell G15,79990,Intel Core i5 13th Gen,16GB,Windows 11,512GB SSD,15.6,4,What are the common problems with Dell G15?,This means the laptop. Doesn't know how to properly switch between your integrated graphics for light tasks. And your dedicated. And Nvidia GPU for gaming the result games crash the screen flickers.,2
Dell G15,Dell G15,79990,Intel Core i5 13th Gen,16GB,Windows 11,512GB SSD,15.6,4,Can we play GTA V on Dell G15?,"A: Yes, this laptop can run GTA V District 10 server and GTA V in general.",3
Dell G15,Dell G15,79990,Intel Core i5 13th Gen,16GB,Windows 11,512GB SSD,15.6,4,is the dell g15 really that bad? (these are the specs of ...,"It's not as bad as people think. They have higher temps however, but that's the desktop one. It's a good laptop, and will do the job for 1080p ...",2
Dell G15,Dell G15,79990,Intel Core i5 13th Gen,16GB,Windows 11,512GB SSD,15.6,4,G15 Gaming Laptop | Dell India,Play your favorite games on a Dell 38.10 cm (15-Inch) gaming laptop with the latest Intel & alongside a powerful NVIDIA GPU. View on Dell.com.,4
Dell G15,Dell G15,79990,Intel Core i5 13th Gen,16GB,Windows 11,512GB SSD,15.6,4,Dell G15 review: A 'retro' laptop that's all about performance,The Dell G15 Gaming Laptop is a laptop built for gaming and it performs that mission admirably. It has enough GPU grunt to play demanding modern games.,3
Dell G15,Dell G15,79990,Intel Core i5 13th Gen,16GB,Windows 11,512GB SSD,15.6,4,DELL G15 Review - The More Affordable Alienware!,Review of the DELL G15 gaming laptop. It packs a RTX 4060 and an I7-13650HX for a pretty decent price.,3
Dell G15,Dell G15,79990,Intel Core i5 13th Gen,16GB,Windows 11,512GB SSD,15.6,4,Dell G15 (2023) Review,"The Dell G15's low base price and wild hues will tempt budget-minded gamers, but the upscale model we reviewed is outmatched among midrange gaming laptops.",3
Dell G15,Dell G15,79990,Intel Core i5 13th Gen,16GB,Windows 11,512GB SSD,15.6,4,Dell G15 (5530) Review: Retro on the Outside,"The Dell G15 (5530) is a capable, mid-priced gaming machine at 1080p, with a bright, vivid display. While it comes in fun colors, you can only get them in ...",3
Dell G15,Dell G15,79990,Intel Core i5 13th Gen,16GB,Windows 11,512GB SSD,15.6,4,DELL G15 Review! i5 13450HX & RTX 3050 - Worth Your ...,In this video I'm going to do an in-depth review of the Dell G15 that comes with Core i5 13450HX and RTX 3050 and find out whether you should invest your money,3
Dell G15,Dell G15,79990,Intel Core i5 13th Gen,16GB,Windows 11,512GB SSD,15.6,4,Dell G15 (2022) Laptop Review,"The Dell G15 is only mediocre for school use. It's a bulky and heavy laptop that's hard to carry around, and its battery lasts less than five ...",3
Dell G15,Dell G15,79990,Intel Core i5 13th Gen,16GB,Windows 11,512GB SSD,15.6,4,Is the G15 worth the money?,But it does the job done. So is the Dell. G15 worth your money in my opinion. Absolutely for gamers on a budget who want a solid gaming laptop.,4
Dell G15,Dell G15,79990,Intel Core i5 13th Gen,16GB,Windows 11,512GB SSD,15.6,4,What are the disadvantages of Dell G15?,"It's thick, heavy, and suffers short battery life. The display is crisp in motion but otherwise mediocre, the keyboard is so-so, and the touchpad is small. Wi-Fi connectivity is stuck on Wi-Fi 6 and there's only one USB-C port. These downsides make it harder to recommend the Dell G15.",3
Dell G15,Dell G15,79990,Intel Core i5 13th Gen,16GB,Windows 11,512GB SSD,15.6,4,How old is a Dell G15?,Dell released the G15 series of laptops in 2021.,3
Dell G15,Dell G15,79990,Intel Core i5 13th Gen,16GB,Windows 11,512GB SSD,15.6,4,Why does the Dell G15 have an overheating problem?,"Your Dell computer can overheat because of insufficient air flow due to dust or debris blocking the air vents, exhaust ports, or a clogged fan. An overheating computer can intermittently restart, shutdown, or experience performance issues. Eventually excessive heat can damage the internal components.",1
Dell G15,Dell G15,79990,Intel Core i5 13th Gen,16GB,Windows 11,512GB SSD,15.6,4,one day old G15 5330 and battery life is less than 2 hrs,"The laptop just dropped 70 percent in 30 minutes with only 3 chrome tabs open. Brightness really low, battery saver on, and on 60Hz.",3
Dell G15,Dell G15,79990,Intel Core i5 13th Gen,16GB,Windows 11,512GB SSD,15.6,4,Dell G15 5511 - Top 5 Pros and Cons,"The battery unit here has a size of 56Wh, which delivers decent results, especially when you consider the power-hungry internals. The laptop ...",3
Dell G15,Dell G15,79990,Intel Core i5 13th Gen,16GB,Windows 11,512GB SSD,15.6,4,Dell G15 (2023) review,"According to Dell, the G15 has a max battery life of 6 hours and 31 minutes. However, this battery life rating is for a G15 model with slightly ...",3
Lenovo IdeaPad Gaming 3,Lenovo IdeaPad Gaming 3,65990,AMD Ryzen 5,16GB,Windows 11,512GB SSD,15.6,4,Lenovo IdeaPad Gaming 3 Laptop Intel Core i5 11th Gen ...,3-4 year of review  Great gaming laptop if u have a 50-60k budget  Perfect Gaming Laptop  Excellent gaming laptop with decent built quality  Superlate delivery.,5
Lenovo IdeaPad Gaming 3,Lenovo IdeaPad Gaming 3,65990,AMD Ryzen 5,16GB,Windows 11,512GB SSD,15.6,4,Lenovo IdeaPad Gaming 3 (2021) Laptop Review,"The Lenovo IdeaPad Gaming 3 15 is okay for school use. It's a little bulky and heavy, and its battery only lasts around five hours of light use.",3
Lenovo IdeaPad Gaming 3,Lenovo IdeaPad Gaming 3,65990,AMD Ryzen 5,16GB,Windows 11,512GB SSD,15.6,4,Lenovo IdeaPad Gaming 3 - Budget Ryzen Laptop Review,Lenovo IdeaPad Gaming 3 - Budget Ryzen Laptop Review. @ ...,3
Lenovo IdeaPad Gaming 3,Lenovo IdeaPad Gaming 3,65990,AMD Ryzen 5,16GB,Windows 11,512GB SSD,15.6,4,Lenovo IdeaPad Gaming 3 Review: A Good Place to Start,"The Lenovo IdeaPad Gaming 3 is a model entry-level gaming laptop for less than $700. It has good performance and features for the money, but you ...",3
Lenovo IdeaPad Gaming 3,Lenovo IdeaPad Gaming 3,65990,AMD Ryzen 5,16GB,Windows 11,512GB SSD,15.6,4,Lenovo IdeaPad Gaming 3 (2022) Review,"A lackluster screen, a poor keyboard, and a much-too-small SSD put Lenovo's IdeaPad Gaming 3 out of contention among value-priced gaming laptops.",2
Lenovo IdeaPad Gaming 3,Lenovo IdeaPad Gaming 3,65990,AMD Ryzen 5,16GB,Windows 11,512GB SSD,15.6,4,Lenovo IdeaPad Gaming 3 Review: 1080p Gaming for $700?,"The Lenovo IdeaPad Gaming 3 looks, feels and sounds like a great budget gaming laptop, with sleek styling and solid speakers.",4
Lenovo IdeaPad Gaming 3,Lenovo IdeaPad Gaming 3,65990,AMD Ryzen 5,16GB,Windows 11,512GB SSD,15.6,4,Lenovo IdeaPad Gaming 3 (2022) Review: not speedy,"The Lenovo IdeaPad Gaming 3 has decent single-core performance, is quiet, and has a variety of connectivity options. Buy at Amazon. Related ...",3
Lenovo IdeaPad Gaming 3,Lenovo IdeaPad Gaming 3,65990,AMD Ryzen 5,16GB,Windows 11,512GB SSD,15.6,4,Is the Lenovo IdeaPad 3 good for everyday use?,"Everyday Performance If everyday use is the benchmark to test quality, then I would say the Lenovo IdeaPad 3 works pretty well. It is smooth, responsive, and can carry out tasks like web browsing or document editing with relative ease.",4
Lenovo IdeaPad Gaming 3,Lenovo IdeaPad Gaming 3,65990,AMD Ryzen 5,16GB,Windows 11,512GB SSD,15.6,4,"Which is better, HP Victus or Lenovo IdeaPad Gaming 3?","Our Verdict. The HP Victus 15 (2022) and the Lenovo IdeaPad Gaming 3 (2021) are very similar. The HP is available with faster Intel 12th Gen. CPUs; however, the Lenovo has a higher-end NVIDIA RTX GeForce 3060 GPU option, which outperforms all the GPUs available on the HP.",4
Lenovo IdeaPad Gaming 3,Lenovo IdeaPad Gaming 3,65990,AMD Ryzen 5,16GB,Windows 11,512GB SSD,15.6,4,Is Lenovo IdeaPad gaming good for gaming?,"Engineered with the latest generation AMD Ryzen 6000 Series processors and NVIDIA GeForce RTX 3050 graphics, DDR5 memory and NVMe SSD storage options, this Lenovo gaming laptop is sleek, slim, and ready to deliver top-notch gaming performance.",3
Lenovo IdeaPad Gaming 3,Lenovo IdeaPad Gaming 3,65990,AMD Ryzen 5,16GB,Windows 11,512GB SSD,15.6,4,Lenovo Ideapad Gaming 3 Core I5 10th Gen 8 Gb 1 Tb ...,Performance is superb.batery backup is 4 to 5 hrs for normal usage when gaming it may be decreased.ssd is super fast .speakers are below average will surely ...,5
Lenovo IdeaPad Gaming 3,Lenovo IdeaPad Gaming 3,65990,AMD Ryzen 5,16GB,Windows 11,512GB SSD,15.6,4,Lenovo Ideapad Gaming 3 Intel Core I5 11th Gen 8 Gb 512 ...,"Good quality product  Very nice, good performance, value of money. Flipkart Customer ; Nice product  Except battery, it won't disappoint you from any other thing ...",3
Lenovo IdeaPad Gaming 3,Lenovo IdeaPad Gaming 3,65990,AMD Ryzen 5,16GB,Windows 11,512GB SSD,15.6,4,Lenovo Ideapad Gaming 3 Amd Ryzen 5 Hexa Core 5600h ...,The laptop is good having rtx 3050 is given great performance. The one and only minus is the battery 45w Battery for latest laptop giving only 1.30-2.00 hrs ...,4
Lenovo IdeaPad Gaming 3,Lenovo IdeaPad Gaming 3,65990,AMD Ryzen 5,16GB,Windows 11,512GB SSD,15.6,4,Lenovo Ideapad Gaming 3 Intel Core I5 12th Gen 16 Gb ...,It's good for daily usage and casual gaming. GC is RTX 3050 but only 4gb with 85watt. 16GB ram is good in 2023. FHD display with 120hz refresh rate.,3
Lenovo IdeaPad Gaming 3,Lenovo IdeaPad Gaming 3,65990,AMD Ryzen 5,16GB,Windows 11,512GB SSD,15.6,4,Lenovo IdeaPad Gaming 3 Review  3 Years Later | Reliably ...,The laptop still does well 3 years later but it was and still very much is a budgetoriented laptop so it didn't perform the absolute best back in the day.,4
Lenovo IdeaPad Gaming 3,Lenovo IdeaPad Gaming 3,65990,AMD Ryzen 5,16GB,Windows 11,512GB SSD,15.6,4,Lenovo IdeaPad Gaming 3 Review: A Good Place to Start,"The Lenovo IdeaPad Gaming 3 is a model entry-level gaming laptop for less than $700. It has good performance and features for the money, but you ...",3
Lenovo IdeaPad Gaming 3,Lenovo IdeaPad Gaming 3,65990,AMD Ryzen 5,16GB,Windows 11,512GB SSD,15.6,4,Lenovo Ideapad Gaming 3 2024 Amd Ryzen 5 Hexa Core ...,Performance is Good. 2. Display Quality just ok. 3. Camera quality is poor. 4. Sound quality is not hearable if you alone in room with no other noise(not ...,2
Lenovo IdeaPad Gaming 3,Lenovo IdeaPad Gaming 3,65990,AMD Ryzen 5,16GB,Windows 11,512GB SSD,15.6,4,Lenovo IdeaPad Gaming 3 (2021) Laptop Review,"The Lenovo IdeaPad Gaming 3 15 is okay for school use. It's a little bulky and heavy, and its battery only lasts around five hours of light use.",3
Lenovo IdeaPad Gaming 3,Lenovo IdeaPad Gaming 3,65990,AMD Ryzen 5,16GB,Windows 11,512GB SSD,15.6,4,Lenovo IdeaPad Gaming 3 Review  An AMAZING Budget ...,See Rooster Tech review of the Lenovo IdeaPad Gaming 3 AMD Ryzen 5 5600H NVIDIA GeForce GTX 1650. An amazing budget gaming laptop!,4
Lenovo IdeaPad Gaming 3,Lenovo IdeaPad Gaming 3,65990,AMD Ryzen 5,16GB,Windows 11,512GB SSD,15.6,4,Lenovo IdeaPad Gaming 3: 1 Year Later Review  Absolutely ...,See Rooster Tech 1 year later review of the Lenovo IdeaPad Gaming 3 AMD Ryzen 5 5600H NVIDIA GeForce GTX 1650. A fantastic gaming laptop!,4
Lenovo IdeaPad Gaming 3,Lenovo IdeaPad Gaming 3,65990,AMD Ryzen 5,16GB,Windows 11,512GB SSD,15.6,4,Is the Lenovo IdeaPad 3 good for everyday use?,"Everyday Performance If everyday use is the benchmark to test quality, then I would say the Lenovo IdeaPad 3 works pretty well. It is smooth, responsive, and can carry out tasks like web browsing or document editing with relative ease.",4
Lenovo IdeaPad Gaming 3,Lenovo IdeaPad Gaming 3,65990,AMD Ryzen 5,16GB,Windows 11,512GB SSD,15.6,4,"Which is better, HP Victus or Lenovo IdeaPad Gaming 3?","Our Verdict. The HP Victus 15 (2022) and the Lenovo IdeaPad Gaming 3 (2021) are very similar. The HP is available with faster Intel 12th Gen. CPUs; however, the Lenovo has a higher-end NVIDIA RTX GeForce 3060 GPU option, which outperforms all the GPUs available on the HP.",4
Lenovo IdeaPad Gaming 3,Lenovo IdeaPad Gaming 3,65990,AMD Ryzen 5,16GB,Windows 11,512GB SSD,15.6,4,Is Lenovo IdeaPad gaming good for gaming?,"Engineered with the latest generation AMD Ryzen 6000 Series processors and NVIDIA GeForce RTX 3050 graphics, DDR5 memory and NVMe SSD storage options, this Lenovo gaming laptop is sleek, slim, and ready to deliver top-notch gaming performance.",3
Lenovo IdeaPad Gaming 3,Lenovo IdeaPad Gaming 3,65990,AMD Ryzen 5,16GB,Windows 11,512GB SSD,15.6,4,"Laptops, Desktop PCs, Tablets, Monitors | Lenovo India","Explore Lenovo laptops, desktops, tablets, monitors, pc accessories & servers. Shop innovative tech designed for business, education, gaming & everyday use.",3
Lenovo IdeaPad Gaming 3,Lenovo IdeaPad Gaming 3,65990,AMD Ryzen 5,16GB,Windows 11,512GB SSD,15.6,4,Lenovo,"Products manufactured by the company include desktop computers, laptops, tablet computers, smartphones, workstations, servers, supercomputers, data storage ...",3
Lenovo IdeaPad Gaming 3,Lenovo IdeaPad Gaming 3,65990,AMD Ryzen 5,16GB,Windows 11,512GB SSD,15.6,4,"Lenovo Support | Drivers, Troubleshooting, Warranty, Repair ...","Find technical support for your Lenovo Products - driver updates, troubleshooting, warranty, repair, system updates, how-to articles, FAQs on Lenovo ...",3
Lenovo IdeaPad Gaming 3,Lenovo IdeaPad Gaming 3,65990,AMD Ryzen 5,16GB,Windows 11,512GB SSD,15.6,4,Lenovo (@lenovo)  Instagram photos and videos,"Providing #smarter technology for all.  Lenovo powers a world gone football, including parts of the world with fewer resources and  When your only plans are ...",3
Lenovo IdeaPad Gaming 3,Lenovo IdeaPad Gaming 3,65990,AMD Ryzen 5,16GB,Windows 11,512GB SSD,15.6,4,Lenovo - Laptops: Computers & Accessories,"Lenovo Yoga Slim 7, Intel Core Ultra 5 125H, 16GB RAM, 512GB SSD, AI PC, WUXGA-OLED, 14""/35.5cm, Windows 11, Microsoft 365 Basic + Office 2024, Grey, 1.39Kg, ...",3
Lenovo IdeaPad Gaming 3,Lenovo IdeaPad Gaming 3,65990,AMD Ryzen 5,16GB,Windows 11,512GB SSD,15.6,4,"Official Lenovo Laptop, Accessories & PC Support - Lenovo ...","Lenovo PC Support  Detect your PC device and find options including troubleshooting, warranty check, service request, repair status, software update & more ...",3
Lenovo IdeaPad Gaming 3,Lenovo IdeaPad Gaming 3,65990,AMD Ryzen 5,16GB,Windows 11,512GB SSD,15.6,4,Is Lenovo a Chinese company?,"Lenovo was founded in Beijing, China, on November 1, 1984. Led by Chinese businessman Liu Chuanzhi, the company's founding chairman considered from a group of eleven people who started New Technology Developer, Inc.",3
Lenovo IdeaPad Gaming 3,Lenovo IdeaPad Gaming 3,65990,AMD Ryzen 5,16GB,Windows 11,512GB SSD,15.6,4,"Lenovo Ideapad Gaming 3, worth it?","Hey guys, I got offered this laptop for 450 (around 500$), is it worth it? 15ACH6 82k2 15.6""full HD (1920x1080) IPS AMD Ryzen 5 5600H 16GB DDR4 ...",4
Lenovo IdeaPad Gaming 3,Lenovo IdeaPad Gaming 3,65990,AMD Ryzen 5,16GB,Windows 11,512GB SSD,15.6,4,Lenovo IdeaPad Gaming 3 (2021) Laptop Review,The Lenovo IdeaPad Gaming 3 15 is good for gaming. Its AMD Ryzen CPU and NVIDIA dedicated GPU can deliver a smooth gaming experience at 1080p.,4
Lenovo IdeaPad Gaming 3,Lenovo IdeaPad Gaming 3,65990,AMD Ryzen 5,16GB,Windows 11,512GB SSD,15.6,4,How is the build quality of the Lenovo IdeaPad Gaming 3?,How is the build quality of the Lenovo IdeaPad Gaming 3?,3
Lenovo IdeaPad Gaming 3,Lenovo IdeaPad Gaming 3,65990,AMD Ryzen 5,16GB,Windows 11,512GB SSD,15.6,4,Lenovo IdeaPad Gaming 3 Review: A Good Place to Start,"The Lenovo IdeaPad Gaming 3 is a model entry-level gaming laptop for less than $700. It has good performance and features for the money, but you ...",3
Lenovo IdeaPad Gaming 3,Lenovo IdeaPad Gaming 3,65990,AMD Ryzen 5,16GB,Windows 11,512GB SSD,15.6,4,"IdeaPad Gaming 3 Gen 6 (15"" AMD)","Customers overwhelmingly praise the laptop for powerful performance, especially gaming and multitasking with RTX 3060 and AMD Ryzen processors delivering smooth ...",5
Lenovo IdeaPad Gaming 3,Lenovo IdeaPad Gaming 3,65990,AMD Ryzen 5,16GB,Windows 11,512GB SSD,15.6,4,How to Level the PLAYING FIELD in 2025? Lenovo Ideapad ...,It comes with a ryzen 5 7535 HS which is a 6 core 12 thread pot it has a little 660m graphics card on it which gives it exceptional battery performance.,3
Lenovo IdeaPad Gaming 3,Lenovo IdeaPad Gaming 3,65990,AMD Ryzen 5,16GB,Windows 11,512GB SSD,15.6,4,Lenovo IdeaPad Gaming 3 (2021) Review - Laptops,"It offers excellent value overall thanks to sleek, designer looks, a well-made keyboard, a quality display, and a fast processor.",5
Lenovo IdeaPad Gaming 3,Lenovo IdeaPad Gaming 3,65990,AMD Ryzen 5,16GB,Windows 11,512GB SSD,15.6,4,Lenovo IdeaPad Gaming 3 review: A solid ...,"The Lenovo IdeaPad Gaming 3 is a budget gaming laptop that offers decent performance thanks to its RTX 3050 GPU, but the inadequate display will turn some away.",3
Lenovo IdeaPad Gaming 3,Lenovo IdeaPad Gaming 3,65990,AMD Ryzen 5,16GB,Windows 11,512GB SSD,15.6,4,"Which is better, HP Victus or Lenovo IdeaPad Gaming 3?","Our Verdict. The HP Victus 15 (2022) and the Lenovo IdeaPad Gaming 3 (2021) are very similar. The HP is available with faster Intel 12th Gen. CPUs; however, the Lenovo has a higher-end NVIDIA RTX GeForce 3060 GPU option, which outperforms all the GPUs available on the HP.",4
Lenovo IdeaPad Gaming 3,Lenovo IdeaPad Gaming 3,65990,AMD Ryzen 5,16GB,Windows 11,512GB SSD,15.6,4,Is the Lenovo IdeaPad 3 good for everyday use?,"Everyday Performance If everyday use is the benchmark to test quality, then I would say the Lenovo IdeaPad 3 works pretty well. It is smooth, responsive, and can carry out tasks like web browsing or document editing with relative ease.",4
Lenovo IdeaPad Gaming 3,Lenovo IdeaPad Gaming 3,65990,AMD Ryzen 5,16GB,Windows 11,512GB SSD,15.6,4,Lenovo IdeaPad Gaming 3 - Budget Ryzen Laptop Review,Lenovo IdeaPad Gaming 3 - Budget Ryzen Laptop Review. @ ...,3
Lenovo IdeaPad Gaming 3,Lenovo IdeaPad Gaming 3,65990,AMD Ryzen 5,16GB,Windows 11,512GB SSD,15.6,4,"IdeaPad Gaming 3 Gen 6 (15, AMD)","Ultimate performance, uncompromised battery life. They say you can't have high performance and long battery life on the same laptop. They say that a ...",4
Lenovo IdeaPad Gaming 3,Lenovo IdeaPad Gaming 3,65990,AMD Ryzen 5,16GB,Windows 11,512GB SSD,15.6,4,"Lenovo IdeaPad Gaming 3 (15"", 2022) - Top 5 Pros and ...","The Intel-powered IdeaPad Gaming 3i is a pretty good budget addition, but it has its problems like the low battery life, while the low TGP graphics don't help ...",2
Lenovo IdeaPad Gaming 3,Lenovo IdeaPad Gaming 3,65990,AMD Ryzen 5,16GB,Windows 11,512GB SSD,15.6,4,Is it just me or the Ideapad Gaming 3's battery life is very ...,"When not plugged to the charger, battery goes off 1 percent like in every one to two minutes and sometimes less even when not in heavy load. Is this normal?",3
Lenovo IdeaPad Gaming 3,Lenovo IdeaPad Gaming 3,65990,AMD Ryzen 5,16GB,Windows 11,512GB SSD,15.6,4,Lenovo IdeaPad Gaming 3 (2021) Laptop Review,"The Lenovo IdeaPad Gaming 3 15 is okay for school use. It's a little bulky and heavy, and its battery only lasts around five hours of light use.",3
Lenovo IdeaPad Gaming 3,Lenovo IdeaPad Gaming 3,65990,AMD Ryzen 5,16GB,Windows 11,512GB SSD,15.6,4,Lenovo IdeaPad Gaming 3 i5 11th Gen Review - autogyandigital,Cons  Only 45% NTSC color gamut  8 GB RAM may feel limiting for heavy multitasking  Battery capacity is modest for a gaming laptop  Seller ...,3
Lenovo IdeaPad Gaming 3,Lenovo IdeaPad Gaming 3,65990,AMD Ryzen 5,16GB,Windows 11,512GB SSD,15.6,4,Lenovo IdeaPad Gaming 3 Review: A Good Place to Start,"Pros. Room for more RAM, storage; Good battery life, fast display for ... Online video streaming battery drain test. Lenovo IdeaPad Gaming 3 ...",5
Lenovo IdeaPad Gaming 3,Lenovo IdeaPad Gaming 3,65990,AMD Ryzen 5,16GB,Windows 11,512GB SSD,15.6,4,"Lenovo IdeaPad Gaming 3 AMD Ryzen 5 4600H 15.6"" ...",Cooling: 5th Generation Thermal Engineering with Q Control; Battery Life: 5 Hours | Rapid Charge (Up to 80% in 1 Hour); Keyboard: Full-size Blue LED Backlit ...,3
MacBook Air M3,MacBook Air M3,134900,Apple M3,16GB,macOS,512GB SSD,13.6,5,Apple 2024 MacBook Air 13 Laptop with M3 chip: 34.46 ...,"Switching from Windows to my first MacBook, the Air M3, has been a seamless experience. It's lightweight yet powerful, with the M3 chip handling everything ...",5
MacBook Air M3,MacBook Air M3,134900,Apple M3,16GB,macOS,512GB SSD,13.6,5,MacBook Air M3 review: More of the same Apple excellence,"The MacBook Air with M3 aims to offer the perfect balance of simplicity and excellence, continuing a decades-long trend.",4
MacBook Air M3,MacBook Air M3,134900,Apple M3,16GB,macOS,512GB SSD,13.6,5,"M3 MacBook Air Review (13-inch, 2024)","The M3 Air is generally faster than the M2 Air, but again, it's the graphics performance that really shines. And my work laptop, a 2019 Intel- ...",4
MacBook Air M3,MacBook Air M3,134900,Apple M3,16GB,macOS,512GB SSD,13.6,5,Buy 2024 Apple Macbook Air M3 from Amazon India,This powerhouse delivers a staggering 60% performance leap over its M1 predecessor and a mind-blowing 13x improvement compared to previous Intel ...,3
MacBook Air M3,MacBook Air M3,134900,Apple M3,16GB,macOS,512GB SSD,13.6,5,Apple MacBook Air M3 13 laptop Review,"Discover the best Apple MacBook Air M3 13 laptop review, featuring powerful M3 performance, stunning Liquid Retina display, and all-day battery life.",5
MacBook Air M3,MacBook Air M3,134900,Apple M3,16GB,macOS,512GB SSD,13.6,5,Apple M3 MacBook Air Review: The 15-Inch Is The Perfect ...,"The new M3 MacBook Air can indeed handle my workflow, which includes editing 4K videos on Final Cut Pro, editing photos in Adobe Lightroom, and typing words ...",3
MacBook Air M3,MacBook Air M3,134900,Apple M3,16GB,macOS,512GB SSD,13.6,5,MacBook Air 13-inch (M3) review: Seeking portable ...,The 13-inch MacBook Air M3 thoroughly impressed in my daily usage and in our lab tests. I've spent dozens of hours working on it now and whether ...,3
MacBook Air M3,MacBook Air M3,134900,Apple M3,16GB,macOS,512GB SSD,13.6,5,Here's the Thing about the M3 Macbook Air...,M3 is a much more capable overall chip and brings the floor of the laptop up.,3
MacBook Air M3,MacBook Air M3,134900,Apple M3,16GB,macOS,512GB SSD,13.6,5,Is Amazon trusted to buy Apple products?,"A: It is legitimate. Apple has its own store on amazon due to a recent partnership between the two companies. The reason these are slightly cheaper is that Apple sells its products cheaper to its distributors (like Amazon) to allow for a profit margin, so Amazon can make a profit.",3
MacBook Air M3,MacBook Air M3,134900,Apple M3,16GB,macOS,512GB SSD,13.6,5,Apple Macbook Air M3 8 Gb 256 Gb Ssd Macos Sonoma ...,The device is an absolute beast. Battery is unbelievable. 50% battery is enough for a day. Extremely fast and smooth. The trackpad is amazing with those heptic ...,5
MacBook Air M3,MacBook Air M3,134900,Apple M3,16GB,macOS,512GB SSD,13.6,5,Apple Apple M3 - (16 GB/256 GB SSD/macOS Sequoia),Worth every penny  Its original . Flipkart Customer ; Terrific purchase  Just loved it... For Apple u need not to see reviews just go for ... more. Flipkart ...,5
MacBook Air M3,MacBook Air M3,134900,Apple M3,16GB,macOS,512GB SSD,13.6,5,Buy Apple MacBook Air M3 - (16 GB/512 GB SSD/macOS ...,Flipkart Customer. Image. Verified Buyer. 76. 21. 5. Terrific purchase. 2 years ago. Just loved it... For Apple u need not to see reviews just go for ...,4
MacBook Air M3,MacBook Air M3,134900,Apple M3,16GB,macOS,512GB SSD,13.6,5,Buy Apple MacBook Air M3 - (8 GB/256 GB SSD/macOS ...,Powerful M3 processor for lightning-fast performance. ... High resolution and wide color gamut. ... Just loved it... For Apple u need not to see reviews just go for ...,5
MacBook Air M3,MacBook Air M3,134900,Apple M3,16GB,macOS,512GB SSD,13.6,5,Apple MacBook Air Apple M3 (75136) #Flipkart #Apple ...,"Apple MacBook Air Apple M3 (75,136) #Flipkart #Apple #Laptap #Applelaptop ... MacBook Air M5 Review: Boring Update, Great Laptop. Just Josh.",4
MacBook Air M3,MacBook Air M3,134900,Apple M3,16GB,macOS,512GB SSD,13.6,5,Buy Apple MacBook Air M3 - (16 GB/256 GB SSD/macOS ...,"... , 1.24 Kg. 15% OFF. 1,09,900. 92,999. 88,999 with Bank offer. Ratings and reviews. 4.6. Excellent. based on 683 ratings by. Verified Buyers.",4
MacBook Air M3,MacBook Air M3,134900,Apple M3,16GB,macOS,512GB SSD,13.6,5,Macbook Air M3 Reviews Amazon Flipkart,Macbook Air M3 Reviews Amazon Flipkart ; Was always a fan of Macbooks! Finally got one. #applefans #  492 ; MacBook Air M5 Worth the Upgrade or Not?  38.6K.,4
MacBook Air M3,MacBook Air M3,134900,Apple M3,16GB,macOS,512GB SSD,13.6,5,"Apple MacBook Air M3, MacBook Air M2 prices in India ...","Apple MacBook Air M3, MacBook Air M2 prices in India discounted in Flipkart should you buy?",3
MacBook Air M3,MacBook Air M3,134900,Apple M3,16GB,macOS,512GB SSD,13.6,5,Lowest Price since Launch on MacBook Air M3 | Shop on ...,"Hello Everyone, We bring you the best Offer of today on Flipkart with the Best Price ever since launch for MacBook Air M3.",4
MacBook Air M3,MacBook Air M3,134900,Apple M3,16GB,macOS,512GB SSD,13.6,5,Buy Apple MacBook Air M3 - (8 GB/512 GB SSD/macOS ...,Flipkart Customer. Image. Verified Buyer. 76. 21. 5. Terrific purchase. 2 years ago. Just loved it... For Apple u need not to see reviews just go for ...,4
MacBook Air M3,MacBook Air M3,134900,Apple M3,16GB,macOS,512GB SSD,13.6,5,Is the Apple MacBook Air M3 worth it?,Power. It's not built for power users pushing heavy creative workloads or running multiple monitors. But for everything. Else. It's just more than enough.,3
MacBook Air M3,MacBook Air M3,134900,Apple M3,16GB,macOS,512GB SSD,13.6,5,Do MacBook Air M3 overheat?,"Though the M3 MacBook Air does certainly overheat and hits an incredibly high temperature, it's not clear if that's a significant issue. The MacBook Air has never been a high-performance device, even with a fan, so it sees a performance drop throughout an intensive workload, which is unsurprising.",1
MacBook Air M3,MacBook Air M3,134900,Apple M3,16GB,macOS,512GB SSD,13.6,5,What is the disadvantage of a MacBook Air?,"CPU and GPU Restrictions The base models of the MacBook Air usually come equipped with Intel processors, which, while competent for most casual tasks, may struggle when you demand more from them. The integrated graphics often come up short compared to machines with dedicated GPUs.",3
MacBook Air M3,MacBook Air M3,134900,Apple M3,16GB,macOS,512GB SSD,13.6,5,Regret buying M3 MacBook Air : r/macbookair,"In conclusion, M3 MacBook Air is worth buying if you don't have an Apple silicon Mac yet. If you have an M1 or M2 MacBook Air just like me, don' ...",4
MacBook Air M3,MacBook Air M3,134900,Apple M3,16GB,macOS,512GB SSD,13.6,5,r/MacBookAirM3,My experience switching from Windows to a MacBook Air M3 (24GB / 512GB) and I LOVE IT!!!,4
MacBook Air M3,MacBook Air M3,134900,Apple M3,16GB,macOS,512GB SSD,13.6,5,MacBook Air,r/macbookair: All about the MacBook Air. Current and prospective owners of Apple's ultraportable dream machine.,3
MacBook Air M3,MacBook Air M3,134900,Apple M3,16GB,macOS,512GB SSD,13.6,5,Is the M3 MacBook Air still good?,Power. It's not built for power users pushing heavy creative workloads or running multiple monitors. But for everything. Else. It's just more than enough.,3
MacBook Air M3,MacBook Air M3,134900,Apple M3,16GB,macOS,512GB SSD,13.6,5,Do MacBook Air M3 overheat?,"Though the M3 MacBook Air does certainly overheat and hits an incredibly high temperature, it's not clear if that's a significant issue. The MacBook Air has never been a high-performance device, even with a fan, so it sees a performance drop throughout an intensive workload, which is unsurprising.",1
MacBook Air M3,MacBook Air M3,134900,Apple M3,16GB,macOS,512GB SSD,13.6,5,Is a MacBook M3 worth it on Reddit?,"In conclusion, M3 MacBook Air is worth buying if you don't have an Apple silicon Mac yet. If you have an M1 or M2 MacBook Air just like me, don't upgrade to the M3 MacBook Air even with 16gb RAM. It isn't really different compared to the older M1 and M2 MacBooks.",4
MacBook Air M3,MacBook Air M3,134900,Apple M3,16GB,macOS,512GB SSD,13.6,5,MacBook Air M3 review  Brilliant and almost perfect - Daniel,"But at home, on the road, and for hobby app development, my MacBook Air M3 is the best laptop I've owned so far. ... Oct 4, 2025. Surface ...",4
MacBook Air M3,MacBook Air M3,134900,Apple M3,16GB,macOS,512GB SSD,13.6,5,Apple MacBook Air 15-Inch M3 Review,"The Apple MacBook Air 15-inch M3 is a near-perfect combination of silent and effortless performance, epic battery life, and elegant design.",4
MacBook Air M3,MacBook Air M3,134900,Apple M3,16GB,macOS,512GB SSD,13.6,5,Is the Apple MacBook Air Still Worth It in 2026?,"The Air provides surprisingly excellent projection and volume without distortion, has a little sub-bass provided by two woofers to add oomf to ...",4
MacBook Air M3,MacBook Air M3,134900,Apple M3,16GB,macOS,512GB SSD,13.6,5,M3 MacBook Air in 2025,"As long as it's the 16GB RAM / 512GB SSD model, you're totally fine. There's no fatal flaw with the M3. If you're getting a great deal locally, go for it!",4
MacBook Air M3,MacBook Air M3,134900,Apple M3,16GB,macOS,512GB SSD,13.6,5,MacBook Air 13-inch (M3) review: Seeking portable ...,"The MacBook Air 13-inch M3 doesn't tweak the formula, but it manages to level up performance and battery life to a degree that will remain difficult for others ...",3
MacBook Air M3,MacBook Air M3,134900,Apple M3,16GB,macOS,512GB SSD,13.6,5,"Apple MacBook Air 13 (M3, 2024) Laptop Review","The 2025 model is a relatively minor upgrade, bringing increased performance and a new 12MP camera with Center Stage support. It also gets ...",3
MacBook Air M3,MacBook Air M3,134900,Apple M3,16GB,macOS,512GB SSD,13.6,5,Apple 2024 MacBook Air 13 Laptop with M3 chip: 34.46 ...,"It's lightweight yet powerful, with the M3 chip handling everything effortlessly, including video editing. The Retina display is stunning, and the battery life ...",5
MacBook Air M3,MacBook Air M3,134900,Apple M3,16GB,macOS,512GB SSD,13.6,5,Apple MacBook Air M3 review: the laptop to beat,"Faster chip, tremendous battery life, premium touch points and a price cut make the best even better.",5
MacBook Air M3,MacBook Air M3,134900,Apple M3,16GB,macOS,512GB SSD,13.6,5,Is the MacBook Air M3 worth it in 2025?,"If you have performance, battery life, resale value, and Apple device compatibility on your checklist, then an Apple MacBook Air M3 is a sound 2025 investment. If you're a gamer or need something very specialized that just happens to be Windows only, however, a higher-end Windows model is more your style.",3
MacBook Air M3,MacBook Air M3,134900,Apple M3,16GB,macOS,512GB SSD,13.6,5,Is the M3 MacBook Air still good?,Power. It's not built for power users pushing heavy creative workloads or running multiple monitors. But for everything. Else. It's just more than enough.,3
MacBook Air M3,MacBook Air M3,134900,Apple M3,16GB,macOS,512GB SSD,13.6,5,How many years will the MacBook Air M3 last?,"If you're using your MacBook Air mostly for occasional streaming and web browsing, it will last much longer. In this case, you can expect to get around 7 or so years of good use out of it.",3
MacBook Air M3,MacBook Air M3,134900,Apple M3,16GB,macOS,512GB SSD,13.6,5,How good is the Apple MacBook Air 2025?,"The 2025 MacBook Air (M4) refresh is the latest to join Apple's laptop portfolio and is the first to be powered by Apple's powerful M4 silicon chip. Alongside the increase in processing power over the MacBook Air (M3), you also get double the base RAM, a new Sky Blue colour option and a new Centre Stage camera.",4
MacBook Air M3,MacBook Air M3,134900,Apple M3,16GB,macOS,512GB SSD,13.6,5,"M3 battery drains very quickly, dropping","I recently purchased a MacBook M3 16/512, 14-inch model. However, I've noticed that the battery drains very quickly, dropping by around 2 minutes per use. ...",3
MacBook Air M3,MacBook Air M3,134900,Apple M3,16GB,macOS,512GB SSD,13.6,5,MacBook Air M3 vs MacBook Pro M3: Best Choice for ...,"The MacBook Air M3 offers whisper-quiet, featherweight portability, with the same M3 chip as the Pro and superb battery lifegreat for students ...",5
MacBook Air M3,MacBook Air M3,134900,Apple M3,16GB,macOS,512GB SSD,13.6,5,M3 running hot and terrible battery life : r/macbookair,"It runs super hot, vs my old M1 that always felt cold. Battery life is abysmal compared to the M1 - down to 40% from full charge for just a few hours of very ...",3
MacBook Air M3,MacBook Air M3,134900,Apple M3,16GB,macOS,512GB SSD,13.6,5,M3 iPad Air Six-Month Review: Still Worth It?,"After six months with the M3 iPad Air, here's how it holds up in performance, battery life, and iPadOS 26, and if it's still Apple's best value",4
MacBook Air M3,MacBook Air M3,134900,Apple M3,16GB,macOS,512GB SSD,13.6,5,"Thinking about getting a MacBook Air M2 or M3, but I'm ...",... (Air M3 15 inch) because it has a very strong battery life. ... Should I worry about MacBook Pro overheating and its impact on battery life?,1
MacBook Air M3,MacBook Air M3,134900,Apple M3,16GB,macOS,512GB SSD,13.6,5,The new MacBook Air is closer to the Pro  but that's ... - Quartz,MacBook Air With M3 Battery Life. It Will Keep Cooking for Well Into the Day. Apple promised 15 hours of use with simple web browsing or 18 ...,3
MacBook Air M3,MacBook Air M3,134900,Apple M3,16GB,macOS,512GB SSD,13.6,5,M3 MacBook Air Peak CPU Temperature Can Reach 114 ...,The CPU is allowed to peak at 114C at all. x86 CPUs and GPUs usually have a recommended load temperature of ~85C and start throttling heavily past ~100C.,3
MacBook Air M3,MacBook Air M3,134900,Apple M3,16GB,macOS,512GB SSD,13.6,5,M3 MacBook Air  3 Months Later: Some Surprising Issues...,"Here's my honest long-term review of the Apple MacBook M3 Air after using it for 3 months. Unfotunately, I've noticed some odd issues after ...",2
MacBook Air M3,MacBook Air M3,134900,Apple M3,16GB,macOS,512GB SSD,13.6,5,Does the MacBook Air M3 overheat easily?,"Though the M3 MacBook Air does certainly overheat and hits an incredibly high temperature, it's not clear if that's a significant issue. The MacBook Air has never been a high-performance device, even with a fan, so it sees a performance drop throughout an intensive workload, which is unsurprising.",1
MacBook Air M3,MacBook Air M3,134900,Apple M3,16GB,macOS,512GB SSD,13.6,5,Why is my MacBook M3 battery draining so fast?,"Check your battery usage Apps like Zoom or Spotify and accessories like high-performance graphics cards are energy hogs, and they often cause your battery to drain. Here's how to find the culprits: In the Activity Monitor app on your Mac, click Energy.",3
ASUS ROG Strix G16,ASUS ROG Strix G16,189990,Intel Core i9 14th Gen,32GB,Windows 11,1TB SSD,16,5,"ASUS ROG Strix G16 (2025) Gaming Laptop, 16 FHD+ 16 ...","Pros: The performance is great  it handles games and heavy tasks without issues. The screen is smooth with a high refresh rate, and the design with RGB looks ...",5
ASUS ROG Strix G16,ASUS ROG Strix G16,189990,Intel Core i9 14th Gen,32GB,Windows 11,1TB SSD,16,5,Detailed Review of My Strix G16: A Powerhouse with ...,"The laptop's performance and cooling were spectacular. It never became loud unless I forced the fans to max, nor did it ever become too hot.",3
ASUS ROG Strix G16,ASUS ROG Strix G16,189990,Intel Core i9 14th Gen,32GB,Windows 11,1TB SSD,16,5,"Watch Asus ROG Strix G16 laptop,Quick Review on Amazon ...","Shop with expert advice from Abu Sufian Sarkar in their latest video Asus ROG Strix G16 laptop,Quick Review.",3
ASUS ROG Strix G16,ASUS ROG Strix G16,189990,Intel Core i9 14th Gen,32GB,Windows 11,1TB SSD,16,5,The ASUS Prime Day Gaming Laptop: ROG Strix G16 Review,"It's sturdy, not overly flashy, and quiet under load. The display looks better than its resolution might suggest, and gaming performance is solid across the ...",3
ASUS ROG Strix G16,ASUS ROG Strix G16,189990,Intel Core i9 14th Gen,32GB,Windows 11,1TB SSD,16,5,Asus Strix G16 2025 Review : Watch Before Buying RTX 50 ...,This is the new streaks g16 2025 from asus and it's one of the best gaming laptops i have ever used.,4
ASUS ROG Strix G16,ASUS ROG Strix G16,189990,Intel Core i9 14th Gen,32GB,Windows 11,1TB SSD,16,5,Asus ROG Strix G16 (G614FR) review,"The Asus ROG Strix G16 features strong performance, solid Nvidia RTX 5070Ti graphics, a bouncy keyboard, plenty of ports, and a bright, vibrant IPS display.",3
ASUS ROG Strix G16,ASUS ROG Strix G16,189990,Intel Core i9 14th Gen,32GB,Windows 11,1TB SSD,16,5,Watch Using The ASUS ROG Strix G16 - Review on Amazon ...,Rock streaks g16 is a powerful and versatile gaming laptop and not only gaming built to handle today's most demanding titles and workflows.,4
ASUS ROG Strix G16,ASUS ROG Strix G16,189990,Intel Core i9 14th Gen,32GB,Windows 11,1TB SSD,16,5,ASUS ROG Strix G16 Review: Balanced Performance ...,"The ASUS ROG Strix G16 is a high-end gaming laptop for mere mortals, with enough GPU horsepower to push the latest games at high frame ...",3
ASUS ROG Strix G16,ASUS ROG Strix G16,189990,Intel Core i9 14th Gen,32GB,Windows 11,1TB SSD,16,5,"ASUS Strix G16 - A Great Gaming Laptop, Except for...",Let's get into why this laptop is worth considering as well as the minor issues that you need to know about my strix g16.,4
ASUS ROG Strix G16,ASUS ROG Strix G16,189990,Intel Core i9 14th Gen,32GB,Windows 11,1TB SSD,16,5,ASUS ROG Strix G16 (2024) Laptop Review,The ASUS ROG Strix G16 is okay for general productivity. It feels very well-built and provides a great user experience with its large display ...,4
ASUS ROG Strix G16,ASUS ROG Strix G16,189990,Intel Core i9 14th Gen,32GB,Windows 11,1TB SSD,16,5,Is the Asus ROG Strix G16 high end?,"Advantages of ASUS Even as a near-flagship model, the ASUS Strix G16 delivers high-end performance. It features a 16-inch 2.5K display with a 240 Hz refresh rate, ideal for gaming while being easier on the eyes thanks to a balanced IPS panel.",2
ASUS ROG Strix G16,ASUS ROG Strix G16,189990,Intel Core i9 14th Gen,32GB,Windows 11,1TB SSD,16,5,Does the Asus ROG Strix G16 have good cooling?,"Full-width heatsink Covering the entire rear of the machine to maximize size while also reducing air resistance for incredible cooling efficiency, these full-width heatsinks increased total surface area by up to 82.5% from the 2022 models.",3
ASUS ROG Strix G16,ASUS ROG Strix G16,189990,Intel Core i9 14th Gen,32GB,Windows 11,1TB SSD,16,5,What are the common ASUS Strix issues?,"One of the most frequently reported ASUS laptop display issues is screen flickering. This may appear as brief flashes, brightness pulsing or unstable visuals while gaming or browsing. In many cases, flickering happens when the display is running at high refresh rates such as 165Hz or 240Hz combined with GPU load.",2
ASUS ROG Strix G16,ASUS ROG Strix G16,189990,Intel Core i9 14th Gen,32GB,Windows 11,1TB SSD,16,5,Latest Review of Asus Rog Strix G16 90whr Battery Intel Hx ...,"Little expensive but will deliver with the superb performance for those extra bucks. Flipkart Customer. , Alappuzha. Helpful ...",4
ASUS ROG Strix G16,ASUS ROG Strix G16,189990,Intel Core i9 14th Gen,32GB,Windows 11,1TB SSD,16,5,Asus Rog Strix G16 Intel Core I7 13th Gen 13650hx 16 Gb ...,"Mind-blowing purchase  Design is premium and it has Dolby vision and Dolby sounds everything runs smooth. Aditya Singh. , Shillong. Helpful for 12 ; Mind-blowing ...",4
ASUS ROG Strix G16,ASUS ROG Strix G16,189990,Intel Core i9 14th Gen,32GB,Windows 11,1TB SSD,16,5,ASUS ROG Strix G16 with 90WHr Battery Intel HX-Series ...,ASUS ROG Strix G16 with 90WHr Battery Intel HX-Series Intel Core i7 13th Gen 13650HX - (16 GB /1 TB SSD /Windows 11 Home /6 GB Graphics /NVIDIA GeForce RTX ...,3
ASUS ROG Strix G16,ASUS ROG Strix G16,189990,Intel Core i9 14th Gen,32GB,Windows 11,1TB SSD,16,5,Asus Rog Strix G16 2025 Office 2024 M365 Basic Intel ...,OverAll a Good Laptop Under 1.60k Very easy to upgrade RAM and SSD One of the best Display in the Segment Overall good experience with the laptop Gaming ...,4
ASUS ROG Strix G16,ASUS ROG Strix G16,189990,Intel Core i9 14th Gen,32GB,Windows 11,1TB SSD,16,5,ASUS ROG Strix G16 Unboxing & Quick ReviewThe Perfect ...,ASUS STRIX G16 (2023) | RTX 4060 (140w) + Intel 7 13650hx | Unboxing. Tech Tyrial  204K views ; Predator 16 vs Strix G16 (2025) - Asus ROG vs ...,3
ASUS ROG Strix G16,ASUS ROG Strix G16,189990,Intel Core i9 14th Gen,32GB,Windows 11,1TB SSD,16,5,Asus ROG Strix G16 review | Croma Unboxed,"It's a machine for serious gamers. It's built like a tank with sturdy materials, while giving off stealthy vibes in this Eclipse Gray shade.",3
ASUS ROG Strix G16,ASUS ROG Strix G16,189990,Intel Core i9 14th Gen,32GB,Windows 11,1TB SSD,16,5,Asus Strix G16 2025 Review : Watch Before Buying RTX 50 ...,This is the new streaks g16 2025 from asus and it's one of the best gaming laptops i have ever used.,4
ASUS ROG Strix G16,ASUS ROG Strix G16,189990,Intel Core i9 14th Gen,32GB,Windows 11,1TB SSD,16,5,Detailed Review of My Strix G16: A Powerhouse with ...,"The laptop's performance and cooling were spectacular. It never became loud unless I forced the fans to max, nor did it ever become too hot.",3
ASUS ROG Strix G16,ASUS ROG Strix G16,189990,Intel Core i9 14th Gen,32GB,Windows 11,1TB SSD,16,5,Asus Rog Strix G16 Intel Core I7 13th Gen 13650hx 16 Gb ...,Read Latest Reviews of Asus Rog Strix G16 Intel Core I7 13th Gen 13650hx 16 Gb 1 Tb Ssd ... 3. User reviews sorted by. Most Helpful. Latest. Positive. Negative.,3
ASUS ROG Strix G16,ASUS ROG Strix G16,189990,Intel Core i9 14th Gen,32GB,Windows 11,1TB SSD,16,5,Customer reviews for ASUS ROG Strix G16 Gaming Laptop ...,"Overall, the performance on this gaming laptop is insane. 2 and a half hours max battery life on gaming but when normally browsing, editing, school or work this ...",3
ASUS ROG Strix G16,ASUS ROG Strix G16,189990,Intel Core i9 14th Gen,32GB,Windows 11,1TB SSD,16,5,Does the ASUS Rog Strix G16 have good cooling?,"Full-width heatsink Covering the entire rear of the machine to maximize size while also reducing air resistance for incredible cooling efficiency, these full-width heatsinks increased total surface area by up to 82.5% from the 2022 models.",3
ASUS ROG Strix G16,ASUS ROG Strix G16,189990,Intel Core i9 14th Gen,32GB,Windows 11,1TB SSD,16,5,Is Rog Strix high end?,"Featuring the highest-end CPUs and GPUs at the highest wattages of our lineup, the Strix family gives you a competitive edge no matter what games you play.",3
ASUS ROG Strix G16,ASUS ROG Strix G16,189990,Intel Core i9 14th Gen,32GB,Windows 11,1TB SSD,16,5,Is Rog Strix G good?,"In the Geekbench 6 synthetic CPU benchmark, the ROG Strix G16 shot to the head of the class in both the single-core (3,205) and multi-core (20,113) tests. The next-closest competitor was the Alienware 16 Area-51, which came in at 3,097 and 19,822, respectively.",3
ASUS ROG Strix G16,ASUS ROG Strix G16,189990,Intel Core i9 14th Gen,32GB,Windows 11,1TB SSD,16,5,ASUS ROG Strix G16 Unbiased Review  New 2025 ...,"Finally got the new ASUS ROG Strix at my place and got to test it out a little bit, so heres a informational review of it I made, if you have any questions ...",3
ASUS ROG Strix G16,ASUS ROG Strix G16,189990,Intel Core i9 14th Gen,32GB,Windows 11,1TB SSD,16,5,Is the ASUS Rog Strix G16 high-end?,"Advantages of ASUS Even as a near-flagship model, the ASUS Strix G16 delivers high-end performance. It features a 16-inch 2.5K display with a 240 Hz refresh rate, ideal for gaming while being easier on the eyes thanks to a balanced IPS panel.",2
ASUS ROG Strix G16,ASUS ROG Strix G16,189990,Intel Core i9 14th Gen,32GB,Windows 11,1TB SSD,16,5,Is the ASUS ROG Strix high-end?,"The Strix G offers similarly high-end performance at a compelling price, offering up to an NVIDIA GeForce RTX 5080 Laptop GPU alongside the same high-performance Intel processors. For more information, check out this article on the differences between the Strix SCAR and Strix G machines.",3
ASUS ROG Strix G16,ASUS ROG Strix G16,189990,Intel Core i9 14th Gen,32GB,Windows 11,1TB SSD,16,5,"Asus ROG Strix G16 review (G615LW series, RTX 5080)",Summary: The Asus Strix G16 G615 series is a competitive option in the space of 16-inch high-performance laptops for serious gaming and workloads.,3
ASUS ROG Strix G16,ASUS ROG Strix G16,189990,Intel Core i9 14th Gen,32GB,Windows 11,1TB SSD,16,5,The ASUS Prime Day Gaming Laptop: ROG Strix G16 Review,"It's sturdy, not overly flashy, and quiet under load. The display looks better than its resolution might suggest, and gaming performance is solid across the ...",3
ASUS ROG Strix G16,ASUS ROG Strix G16,189990,Intel Core i9 14th Gen,32GB,Windows 11,1TB SSD,16,5,Asus ROG Strix G16 (2025) review: a well-rounded gaming ...,"The ROG Strix G16 is the first laptop that we've reviewed with the AMD Ryzen 9955HX3D processor. The system also features a GeForce RTX 5070 Ti GPU, 32GB of ...",3
ASUS ROG Strix G16,ASUS ROG Strix G16,189990,Intel Core i9 14th Gen,32GB,Windows 11,1TB SSD,16,5,ROG Strix G16 (2025) G615 | ROG Strix | Gaming Laptops,"The Strix G16 is upgradable to 32GB of DDR5 6400MHz RAM, offering incredible gaming and multitasking performance. Whether you bought a machine straight from the ...",3
ASUS ROG Strix G16,ASUS ROG Strix G16,189990,Intel Core i9 14th Gen,32GB,Windows 11,1TB SSD,16,5,Asus ROG Strix G16 (G614FR) review,"The Asus ROG Strix G16 features strong performance, solid Nvidia RTX 5070Ti graphics, a bouncy keyboard, plenty of ports, and a bright, vibrant IPS display.",3
ASUS ROG Strix G16,ASUS ROG Strix G16,189990,Intel Core i9 14th Gen,32GB,Windows 11,1TB SSD,16,5,ASUS ROG Strix G16 Unbiased Review  New 2025 ...,"Finally got the new ASUS ROG Strix at my place and got to test it out a little bit, so heres a informational review of it I made, if you have any questions ...",3
ASUS ROG Strix G16,ASUS ROG Strix G16,189990,Intel Core i9 14th Gen,32GB,Windows 11,1TB SSD,16,5,Asus ROG Strix G16 (2025) Review,"Similar in design to last year, the AMD version of the Asus ROG Strix G16 offers solid gaming performance in a bulky shell.",3
ASUS ROG Strix G16,ASUS ROG Strix G16,189990,Intel Core i9 14th Gen,32GB,Windows 11,1TB SSD,16,5,Asus ROG Strix G16 (2025) Prime Day Gaming Laptop ...,It's not a bad kind of mid-level gaming laptop and we're going to take a look at all of its features and some of the gaming performance out of this.,2
ASUS ROG Strix G16,ASUS ROG Strix G16,189990,Intel Core i9 14th Gen,32GB,Windows 11,1TB SSD,16,5,Detailed Review of My Strix G16: A Powerhouse with ...,"The laptop's performance and cooling were spectacular. It never became loud unless I forced the fans to max, nor did it ever become too hot.",3
ASUS ROG Strix G16,ASUS ROG Strix G16,189990,Intel Core i9 14th Gen,32GB,Windows 11,1TB SSD,16,5,"Asus ROG Strix G16 review (G615LW series, RTX 5080)","With mixed use, the system slowly pulls juice off the battery at a rate of about 20-25W per hour, as shown in the gaming log. That means you could expect about ...",2
ASUS ROG Strix G16,ASUS ROG Strix G16,189990,Intel Core i9 14th Gen,32GB,Windows 11,1TB SSD,16,5,Asus ROG Strix G16 (G614FR) review,"The Strix managed to survive for 1 hour and 22 minutes on the PCMark 10 gaming battery test, which is more competitive compared to other 50- ...",3
ASUS ROG Strix G16,ASUS ROG Strix G16,189990,Intel Core i9 14th Gen,32GB,Windows 11,1TB SSD,16,5,"ASUS Strix G16 - A Great Gaming Laptop, Except for...",Let's get into why this laptop is worth considering as well as the minor issues that you need to know about my strix g16.,4
ASUS ROG Strix G16,ASUS ROG Strix G16,189990,Intel Core i9 14th Gen,32GB,Windows 11,1TB SSD,16,5,"ASUS ROG STRIX G16 (Intel, 2025) Review - Expert Analysis ...",Battery Life: Desktop Replacement ; Light productivity: 6-7 hours ; Mixed usage: 5-6 hours ; Gaming unplugged: 2-3 hours ; Video playback: 7-8 hours.,3
ASUS ROG Strix G16,ASUS ROG Strix G16,189990,Intel Core i9 14th Gen,32GB,Windows 11,1TB SSD,16,5,ASUS ROG Strix G16 G615 (2025) review,"It pairs next-generation Intel and NVIDIA silicon with a stunning display and, in a surprising twist, class-leading battery life. But this ...",4
ASUS ROG Strix G16,ASUS ROG Strix G16,189990,Intel Core i9 14th Gen,32GB,Windows 11,1TB SSD,16,5,"Asus Rog Strix, battery and temps questions","Hi everyone, i've got some questions about battery and CPU temperatures of my Strix ( GL503V ). 1) considering is a gaming laptop and i use - 725140.",3
ASUS ROG Strix G16,ASUS ROG Strix G16,189990,Intel Core i9 14th Gen,32GB,Windows 11,1TB SSD,16,5,Does the ASUS Rog Strix overheat?,"Many ASUS ROG Strix gaming laptops and ROG Zephyrus laptops feature high-wattage Intel HX or AMD processors paired with RTX graphics cards. These components generate substantial heat during gaming, rendering, or other demanding tasks. As workloads increase, CPU and GPU temperatures rise quickly.",3
ASUS ROG Strix G16,ASUS ROG Strix G16,189990,Intel Core i9 14th Gen,32GB,Windows 11,1TB SSD,16,5,Does the ASUS Rog Strix G16 have good cooling?,"Full-width heatsink Covering the entire rear of the machine to maximize size while also reducing air resistance for incredible cooling efficiency, these full-width heatsinks increased total surface area by up to 82.5% from the 2022 models.",3
Samsung Galaxy Book5 Pro,Samsung Galaxy Book5 Pro,129990,Intel Core Ultra 7,16GB,Windows 11,1TB SSD,16,5,"Samsung Galaxy Book5 Pro: 14"" Screen - Core 7 Ultra",Powered by the Intel Core Ultra processor for seamless multitasking and high-efficiency performance; Vibrant AMOLED display delivers brilliant colors and ...,3
Samsung Galaxy Book5 Pro,Samsung Galaxy Book5 Pro,129990,Intel Core Ultra 7,16GB,Windows 11,1TB SSD,16,5,Need genuine reviews for Galaxy book 5 pro : r/GalaxyBook,"Pros from using it for a week: Laptop is really cool, just fantastic. Hinge is not loose in mine. I've seen youtubers' laptop to be very loose but that's not ...",4
Samsung Galaxy Book5 Pro,Samsung Galaxy Book5 Pro,129990,Intel Core Ultra 7,16GB,Windows 11,1TB SSD,16,5,Is $450 Off Enough to Finally Grab the Galaxy Book 5 Pro ...,This Samsung laptop has some serious hardware that makes it a great option if you need a powerful workhorse. It's got 32GB of RAM and an ...,5
Samsung Galaxy Book5 Pro,Samsung Galaxy Book5 Pro,129990,Intel Core Ultra 7,16GB,Windows 11,1TB SSD,16,5,Samsung Galaxy Book5 Pro 360 (2024) Laptop Review,"The Samsung Galaxy Book5 Pro 360 is a great device overall. It has a sturdy build and strong performance, and it provides a good user experience ...",4
Samsung Galaxy Book5 Pro,Samsung Galaxy Book5 Pro,129990,Intel Core Ultra 7,16GB,Windows 11,1TB SSD,16,5,Samsung Galaxy Book5 360 (2025) Review: A Great All ...,Hands-on review of the Galaxy Book 5 360  Samsung's sleek 2-in-1 laptop powered by Intel's new Core Ultra chip and a stunning AMOLED ...,4
Samsung Galaxy Book5 Pro,Samsung Galaxy Book5 Pro,129990,Intel Core Ultra 7,16GB,Windows 11,1TB SSD,16,5,Watch Samsung Galaxy Book5 Series - 10 Reasons to Buy on ...,Shop with expert advice from Samsung Mobiles - WL- Master in their latest video Samsung Galaxy Book5 Series - 10 Reasons to Buy.,3
Samsung Galaxy Book5 Pro,Samsung Galaxy Book5 Pro,129990,Intel Core Ultra 7,16GB,Windows 11,1TB SSD,16,5,Buy Galaxy Book5 Pro |Book5 Pro 360 - Price and Offers,The laptop is not fast but ultra fast and so smooth. I can get tasks done in seconds compared to my old laptop. The battery life is amazing and so quick to ...,5
Samsung Galaxy Book5 Pro,Samsung Galaxy Book5 Pro,129990,Intel Core Ultra 7,16GB,Windows 11,1TB SSD,16,5,"Samsung Notebook, Galaxy Book5 Pro AMOLED Display ...","It harnesses all its power to tackle heavy workloads, reproduce complex 3D models, and easily complete high-intensity AI tasks with incredible speed. The power ...",3
Samsung Galaxy Book5 Pro,Samsung Galaxy Book5 Pro,129990,Intel Core Ultra 7,16GB,Windows 11,1TB SSD,16,5,Does the Galaxy Book 5 Pro have a touchscreen?,Does Galaxy Book5 Pro have a touchscreen? Yes. Galaxy Book5 Pro features a 3K(2880x1800) WQXGA+ high-resolution Dynamic AMOLED 2X touchscreen. The display supports intuitive multi-touch gestures and up to 120 Hz refresh rate for a smooth and fluid user experience.,4
Samsung Galaxy Book5 Pro,Samsung Galaxy Book5 Pro,129990,Intel Core Ultra 7,16GB,Windows 11,1TB SSD,16,5,Latest Review of Samsung Galaxy Book5 Pro Ai Pc Full ...,Review for: Color Gray  Processor Core Ultra 7 | 256V  SSD Capacity 512 GB  Screen Size 14 Inch  System Memory 16 GB. Very good in performance.,3
Samsung Galaxy Book5 Pro,Samsung Galaxy Book5 Pro,129990,Intel Core Ultra 7,16GB,Windows 11,1TB SSD,16,5,Samsung Galaxy Book5 Pro Next Gen Ai Pc Full Metal ...,All Reviews  1 0. 2 0. 3  4.0 Wonderful. Review for: Color Gray  Processor Core Ultra 7 | 258V  SSD Capacity 1 TB  Screen Size 14 Inch  System Memory 32 ...,3
Samsung Galaxy Book5 Pro,Samsung Galaxy Book5 Pro,129990,Intel Core Ultra 7,16GB,Windows 11,1TB SSD,16,5,Samsung Galaxy Book5 360 Next Gen AI PC Full Metal ...,Intel Core Ultra 5. Experience lightning-fast speed ; 16 GB | 512 GB. Smooth gaming and video editing experience ; 15.6 Inch | Full HD Display. Clear and detailed ...,5
Samsung Galaxy Book5 Pro,Samsung Galaxy Book5 Pro,129990,Intel Core Ultra 7,16GB,Windows 11,1TB SSD,16,5,Samsung Galaxy Book5 Pro Price (24 May 2026) ...,Samsung Galaxy Book5 Pro Review  Good  Lightweight and solid build  Fantastic display with touch support  Great everyday work companion  Decent keyboard.,5
Samsung Galaxy Book5 Pro,Samsung Galaxy Book5 Pro,129990,Intel Core Ultra 7,16GB,Windows 11,1TB SSD,16,5,Buy Samsung Galaxy Book5 AI Metal Intel Core Ultra 5 225U,"Satisfied, both flipkart and samsung have mentioned wrong informa... ... Best in the market! ... Got it for 50K ultra core 5 16/512 variant. The laptop is good an..",4
Samsung Galaxy Book5 Pro,Samsung Galaxy Book5 Pro,129990,Intel Core Ultra 7,16GB,Windows 11,1TB SSD,16,5,Samsung Galaxy Book5 Pro review: The laptop that just ...,"It looks well-designed, visuals on it look gorgeous, and it handles real work without breaking a sweat. At Rs 1,31,990, you're paying for that ...",3
Samsung Galaxy Book5 Pro,Samsung Galaxy Book5 Pro,129990,Intel Core Ultra 7,16GB,Windows 11,1TB SSD,16,5,Samsung Galaxy Book 5 Pro Review | Best Macbook Pro ...,"Reviewing the Samsung Galaxy Book 5 Pro (16-inches) after testing the gaming, video editing and battery life smarts of this Intel Core 7 ...",3
Samsung Galaxy Book5 Pro,Samsung Galaxy Book5 Pro,129990,Intel Core Ultra 7,16GB,Windows 11,1TB SSD,16,5,Samsung Galaxy Book 5 Pro NP940XHA-LG4IN Laptop ...,"Samsung Galaxy Book 5 Pro NP940XHA-LG4IN Laptop (Intel Core Ultra 7 Series 2/ 16GB/ 1TB SSD/ Win11) ; to 1,37,500 ; Battery. 63.1 Wh BatteryGood ; User Reviews.",3
Samsung Galaxy Book5 Pro,Samsung Galaxy Book5 Pro,129990,Intel Core Ultra 7,16GB,Windows 11,1TB SSD,16,5,Are you planning to buy the Samsung Galaxy Book 5 Pro? ...,Lose yourself with vibrant cinematic-like viewing and even get the perfect color working inside or in direct sunlight. The screen also lessens ...,4
Samsung Galaxy Book5 Pro,Samsung Galaxy Book5 Pro,129990,Intel Core Ultra 7,16GB,Windows 11,1TB SSD,16,5,Is the Galaxy Book5 Pro good for students?,"If I were you and I wanted a ready-to-go, premium Windows laptop for school/work/media that feels modern, sleek, portable and has a great display  I'd pick the Galaxy Book5 Pro without hesitation. It hits an excellent balance between portability, power, battery life, and build quality.",5
Samsung Galaxy Book5 Pro,Samsung Galaxy Book5 Pro,129990,Intel Core Ultra 7,16GB,Windows 11,1TB SSD,16,5,How long can the Galaxy Book5 last on a full charge?,"Galaxy Book5 Pro 16"" model features a 76Wh (typical) battery, supports up to 25 hours of video runtime on a full charge and can be charged with up to 35% charge in 30 minutes.",3
Samsung Galaxy Book5 Pro,Samsung Galaxy Book5 Pro,129990,Intel Core Ultra 7,16GB,Windows 11,1TB SSD,16,5,Need genuine reviews for Galaxy book 5 pro : r/GalaxyBook,"Pros from using it for a week: Laptop is really cool, just fantastic. Hinge is not loose in mine. I've seen youtubers' laptop to be very loose but that's not ...",4
Samsung Galaxy Book5 Pro,Samsung Galaxy Book5 Pro,129990,Intel Core Ultra 7,16GB,Windows 11,1TB SSD,16,5,r/GalaxyBook,"Will the Galaxy Book5 Pro 16"" be powerful and smooth enough for graphic design and light-to-medium video editing on Premiere? Or should I compromise a bit on ...",5
Samsung Galaxy Book5 Pro,Samsung Galaxy Book5 Pro,129990,Intel Core Ultra 7,16GB,Windows 11,1TB SSD,16,5,r/GalaxyBook,"- Great battery life so I can carry it around and work in different places without being glued to a wall socket. - A premium, reliable build. I was strongly ...",4
Samsung Galaxy Book5 Pro,Samsung Galaxy Book5 Pro,129990,Intel Core Ultra 7,16GB,Windows 11,1TB SSD,16,5,Is the Galaxy Book5 Pro good for students?,"If I were you and I wanted a ready-to-go, premium Windows laptop for school/work/media that feels modern, sleek, portable and has a great display  I'd pick the Galaxy Book5 Pro without hesitation. It hits an excellent balance between portability, power, battery life, and build quality.",5
Samsung Galaxy Book5 Pro,Samsung Galaxy Book5 Pro,129990,Intel Core Ultra 7,16GB,Windows 11,1TB SSD,16,5,Does the Galaxy Book5 Pro have a good keyboard?,"The Samsung Galaxy Book5 Pro 360 is a great device overall. It has a sturdy build and strong performance, and it provides a good user experience overall. That said, compared to other laptops in its class, some aspects aren't quite as good, like the quality of the keyboard and webcam.",4
Samsung Galaxy Book5 Pro,Samsung Galaxy Book5 Pro,129990,Intel Core Ultra 7,16GB,Windows 11,1TB SSD,16,5,Samsung Galaxy Book5 Pro Review: A new era of thin-and ...,"The Galaxy Book5 Pro is Samsung's sleekest Windows laptop yet, with a stunning AMOLED display, powerful Intel SoC, and next-gen AI tools ...",5
Samsung Galaxy Book5 Pro,Samsung Galaxy Book5 Pro,129990,Intel Core Ultra 7,16GB,Windows 11,1TB SSD,16,5,Samsung Galaxy Book 5 Pro Review: Your Work Companion,The Galaxy Book 5 Pro is a great everyday laptop for all work needs and also doubles as an excellent multimedia companion. Here's our review.,5
Samsung Galaxy Book5 Pro,Samsung Galaxy Book5 Pro,129990,Intel Core Ultra 7,16GB,Windows 11,1TB SSD,16,5,"Review: The Galaxy Book5 Pro 360 is a great 16"" laptop for ...","I was skeptical of 16"" laptops with Intel processors, but the Galaxy Book5 Pro 360 won me over. Here's how.",3
Samsung Galaxy Book5 Pro,Samsung Galaxy Book5 Pro,129990,Intel Core Ultra 7,16GB,Windows 11,1TB SSD,16,5,"Galaxy Book5 Pro, 35.56 cm Ultra 5, 16GB Laptop -Specs",The laptop is not fast but ultra fast and so smooth. I can get tasks done in seconds compared to my old laptop. The battery life is amazing and so quick to ...,5
Samsung Galaxy Book5 Pro,Samsung Galaxy Book5 Pro,129990,Intel Core Ultra 7,16GB,Windows 11,1TB SSD,16,5,Samsung Galaxy Book 5 Pro Review: MacBook Challenger?,"The Samsung Galaxy Book 5 Pro is a standout among thin and light laptops, combining impressive battery life, polished design, and reliable ...",4
Samsung Galaxy Book5 Pro,Samsung Galaxy Book5 Pro,129990,Intel Core Ultra 7,16GB,Windows 11,1TB SSD,16,5,Samsung Galaxy Book5 Pro review: The laptop that just ...,"The Galaxy Book5 Pro comes with the Intel Core Ultra 5 226V inside, and the new Intel processor is the one built for sustained, real-world ...",3
Samsung Galaxy Book5 Pro,Samsung Galaxy Book5 Pro,129990,Intel Core Ultra 7,16GB,Windows 11,1TB SSD,16,5,Samsung Galaxy Book 5 Pro review - Laptops - T3,"The Samsung Galaxy Book 5 Pro is a solid step forward over its predecessor, and a pleasure to use. It brings with it performance that's more than good enough ...",3
Samsung Galaxy Book5 Pro,Samsung Galaxy Book5 Pro,129990,Intel Core Ultra 7,16GB,Windows 11,1TB SSD,16,5,Is the Galaxy Book5 Pro good for college?,"Even if you reach the point where the battery is almost dead, a simple 30-minute super-fast charging session will get it back up to 35%. Q. Bottom line, what's the best laptop for college students? The Galaxy Book5 Pro 16 is the optimal choice for college students.",5
Samsung Galaxy Book5 Pro,Samsung Galaxy Book5 Pro,129990,Intel Core Ultra 7,16GB,Windows 11,1TB SSD,16,5,Is Galaxy Book5 good for coding?,"For a reliable coding laptop without the premium price tag, the Galaxy Book5 is an excellent choice. Students, entry-level developers, or those looking to dabble in code will love the balance of performance, portability, and affordability of the Book5.",5
Samsung Galaxy Book5 Pro,Samsung Galaxy Book5 Pro,129990,Intel Core Ultra 7,16GB,Windows 11,1TB SSD,16,5,Need genuine reviews for Galaxy book 5 pro : r/GalaxyBook,I've opened up a bunch of tabs and played some videos and didn't notice any heating or lag. Great machine for my uses so far. Battery life is ...,1
Samsung Galaxy Book5 Pro,Samsung Galaxy Book5 Pro,129990,Intel Core Ultra 7,16GB,Windows 11,1TB SSD,16,5,Samsung Galaxy Book 5 Pro review: A premium portable ...,"Samsung's Galaxy Book 5 Pro offers a beautiful display, solid battery life, and a durable, lightweight design, but middling performance and a terrible webcam ...",5
Samsung Galaxy Book5 Pro,Samsung Galaxy Book5 Pro,129990,Intel Core Ultra 7,16GB,Windows 11,1TB SSD,16,5,"Review: The Galaxy Book5 Pro 360 is a great 16"" laptop for ...","What really surprised me about the Galaxy Book5 Pro was the standby battery life and the heat (or rather, the lack thereof) while using it.",3
Samsung Galaxy Book5 Pro,Samsung Galaxy Book5 Pro,129990,Intel Core Ultra 7,16GB,Windows 11,1TB SSD,16,5,Samsung Galaxy Book5 Pro review: A laptop with all-day ...,"The Samsung Galaxy Book5 Pro delivers incredible battery life, a beautiful display, and solid desktop performance.",4
Samsung Galaxy Book5 Pro,Samsung Galaxy Book5 Pro,129990,Intel Core Ultra 7,16GB,Windows 11,1TB SSD,16,5,"Galaxy Book5 Pro, 35.56 cm Ultra 5, 16GB Laptop -Specs","Galaxy Book5 Pro 40.62 cm model features a 76.1Wh (typical) battery, supports up to 25 hours of video runtime on a full charge and can be charged with up to 35% ...",3
Samsung Galaxy Book5 Pro,Samsung Galaxy Book5 Pro,129990,Intel Core Ultra 7,16GB,Windows 11,1TB SSD,16,5,Samsung Galaxy Book5 Pro 360 (2024) Laptop Review,"It's fairly easy to carry around for a 16-inch laptop, and its battery lasts over 13 hours of video playback. The viewing experience is amazing, ...",4
Samsung Galaxy Book5 Pro,Samsung Galaxy Book5 Pro,129990,Intel Core Ultra 7,16GB,Windows 11,1TB SSD,16,5,Here's our in-depth review of the Samsung Galaxy Book 5 ...,"Go up to 21 hours on a single charge With up to 21 hours on a fully charged battery, be productive and play throughout the entire day. Schedule ...",3
Samsung Galaxy Book5 Pro,Samsung Galaxy Book5 Pro,129990,Intel Core Ultra 7,16GB,Windows 11,1TB SSD,16,5,Galaxy Book 5 Laptop Range Explained,"The Galaxy Book5 Pro 360 for example, comes with a robust 76Wh battery that can give up to 25 hours of video playback1. Plus, with fast charging capabilities, ...",4
Samsung Galaxy Book5 Pro,Samsung Galaxy Book5 Pro,129990,Intel Core Ultra 7,16GB,Windows 11,1TB SSD,16,5,What is the maximum battery life of the Galaxy Book5?,"Just one charge helps keep you productive with the long-lasting battery of Galaxy Book5 Pro 360, supporting up to 25 hours of battery life.",3
Samsung Galaxy Book5 Pro,Samsung Galaxy Book5 Pro,129990,Intel Core Ultra 7,16GB,Windows 11,1TB SSD,16,5,Is the Samsung Book 5 Pro a good laptop?,"Overall, the Galaxy Book5 Pro 360 offers a great balance of portability, performance, and smart features, making it a dependable choice for both work and personal use.",4
HP Pavilion Plus,HP Pavilion Plus,89990,Intel Core Ultra 5,16GB,Windows 11,512GB SSD,14,4,"HP Pavilion Plus, Intel Core i5-1335U-13th Gen Laptop ...","The warranty started 11 months ago, so it will expire in just 1 month. The hard disk size is 476 GB instead of 512 GB. The laptop has scratches and signs of ...",3
HP Pavilion Plus,HP Pavilion Plus,89990,Intel Core Ultra 5,16GB,Windows 11,512GB SSD,14,4,HP Pavilion Plus 14 (2023) - How is this laptop only $729?,This laptop is more powerful for most tasks has a larger screen and I can't believe I'm saying this has better battery life.,4
HP Pavilion Plus,HP Pavilion Plus,89990,Intel Core Ultra 5,16GB,Windows 11,512GB SSD,14,4,HP Pavilion Plus 14 (2025) Review: Affordable OLED ...,"Pros  Excellent OLED display is only $60 upgrade  Sturdy, all-metal design  Comfy keyboard  1440p webcam and Enchanced Lighting app are great ...",5
HP Pavilion Plus,HP Pavilion Plus,89990,Intel Core Ultra 5,16GB,Windows 11,512GB SSD,14,4,HP Pavilion Plus 16 Price in India (20 ...,"HP Pavilion Plus 16 price in India is Rs.84990. See HP Pavilion Plus 16 full specifications, expert reviews, user ratings, and more.",3
HP Pavilion Plus,HP Pavilion Plus,89990,Intel Core Ultra 5,16GB,Windows 11,512GB SSD,14,4,"HP Pavilion Plus Laptop 14-eh1010nr, Windows 11 Home, ...","HP Pavilion Plus Laptop 14-eh1010nr, Windows 11 Home, 14"", Intel Core i5, 8GB RAM, 512GB SSD, 2.2K, Natural Silver.",3
HP Pavilion Plus,HP Pavilion Plus,89990,Intel Core Ultra 5,16GB,Windows 11,512GB SSD,14,4,HP Pavilion Plus 14 (2023) Laptop Review,The HP Pavilion Plus 14 is decent for school use. It has a sturdy all-aluminum build and is very portable due to its compact and lightweight ...,4
HP Pavilion Plus,HP Pavilion Plus,89990,Intel Core Ultra 5,16GB,Windows 11,512GB SSD,14,4,HP Pavilion Plus 14 Review,"The HP Pavilion Plus 14 offers an interesting combination of functionality and value, with just a few notable downsides.",3
HP Pavilion Plus,HP Pavilion Plus,89990,Intel Core Ultra 5,16GB,Windows 11,512GB SSD,14,4,Watch HP Pavilion Plus 14 Overview - 13th Gen Core i7 ...,Shop with expert advice from Amazon Videos in their latest video HP Pavilion Plus 14 Overview - 13th Gen Core i7 Laptop.,3
HP Pavilion Plus,HP Pavilion Plus,89990,Intel Core Ultra 5,16GB,Windows 11,512GB SSD,14,4,HP Pavilion Plus 14 review,The HP Pavilion Plus 14 offers incredible performance thanks to its 12th-gen processor. But the short battery life makes it difficult to use when on the go.,3
HP Pavilion Plus,HP Pavilion Plus,89990,Intel Core Ultra 5,16GB,Windows 11,512GB SSD,14,4,Is the HP Pavilion laptop any good?,"HP's Pavilion series has long been a staple in the laptop market, offering a balance of performance, features, and affordability. As a budget laptop, the Pavilion series provides good performance and features without significant faults, making it an excellent choice for consumers looking for value.",4
HP Pavilion Plus,HP Pavilion Plus,89990,Intel Core Ultra 5,16GB,Windows 11,512GB SSD,14,4,Is the HP Pavilion better than the HP?,HP Envy laptops have higher-end processors than the Pavilion. Envy models feature the latest generation of Intel Core i5/i7 processors or AMD Ryzen 5/7 options. Pavilion laptops offer a more budget-friendly processor like the Intel Core i3. Higher-end Pavilion models offer a Ryzen 5/7 or Core i5/i7.,3
HP Pavilion Plus,HP Pavilion Plus,89990,Intel Core Ultra 5,16GB,Windows 11,512GB SSD,14,4,Is the HP Pavilion good for work?,"Go for: HP Pavilion 14 (Core i5 or Ryzen 5) If your top priorities are portability, good performance, and a lower price point, the Pavilion 14 is your best bet. It's lightweight, has solid battery life, and is powerful enough for studying, work, or daily multitasking  without making big compromises.",5
HP Pavilion Plus,HP Pavilion Plus,89990,Intel Core Ultra 5,16GB,Windows 11,512GB SSD,14,4,Hp Pavilion Plus Intel Core I5 13th Gen 1335u 16 Gb 512 ...,"Got this laptop in 42k after discount on sale awesome purchase. The laptop design looks super classy, sleek and smart. Super happy. Thank you hp.",3
HP Pavilion Plus,HP Pavilion Plus,89990,Intel Core Ultra 5,16GB,Windows 11,512GB SSD,14,4,Hp Pavilion Plus Creator Oled Eyesafe H Series Intel Core ...,Fabulous! Review for: Color Natural Silver  SSD Capacity 512 GB  Screen Size 14 Inch  System Memory 16 GB. Perfect product. Best professional laptop. Real ...,5
HP Pavilion Plus,HP Pavilion Plus,89990,Intel Core Ultra 5,16GB,Windows 11,512GB SSD,14,4,"HP Pavilion Plus Review - Great Laptop, Bad Timing...",Review of the 2023 HP Pavilion Plus with a gorgeous OLED Display for a pretty good price. Check out Best Buy Top Deals here: ...,4
HP Pavilion Plus,HP Pavilion Plus,89990,Intel Core Ultra 5,16GB,Windows 11,512GB SSD,14,4,"What is your opinion on HP laptops, specifically ...","What is your opinion on HP laptops, specifically the Pavilion series? Would you recommend purchasing one and are there any other laptop brands that you ...",3
HP Pavilion Plus,HP Pavilion Plus,89990,Intel Core Ultra 5,16GB,Windows 11,512GB SSD,14,4,HP Pavilion Plus 14 - vs - MarQ by Flipkart Falkon Aerbook,"Find here comparison of HP Pavilion Plus 14 vs MarQ by Flipkart Falkon Aerbook Laptops on the basis of Screen Size, Storage, Processor, RAM, Reviews, ...",3
HP Pavilion Plus,HP Pavilion Plus,89990,Intel Core Ultra 5,16GB,Windows 11,512GB SSD,14,4,HP Pavilion Plus 14 (2024) Review: Laptop Of The Year!,The Pavilion plus is a solid looking laptop I mean design-wise it looks very similar to the base Pavilion series.,3
HP Pavilion Plus,HP Pavilion Plus,89990,Intel Core Ultra 5,16GB,Windows 11,512GB SSD,14,4,HP Pavilion Plus 16 Review: An Awesome Windows Creator ...,"In conclusion, the HP Pavilion Plus 16 (2023) is an excellent choice for users who value a blend of style, functionality, and affordability.",4
HP Pavilion Plus,HP Pavilion Plus,89990,Intel Core Ultra 5,16GB,Windows 11,512GB SSD,14,4,HP Pavilion Plus 14 (2023) Review,This one is a fairly premium design it's an aluminum clad chassis on board you can get it with the 2.8k OLED display that we have on this one.,3
HP Pavilion Plus,HP Pavilion Plus,89990,Intel Core Ultra 5,16GB,Windows 11,512GB SSD,14,4,HP Pavilion Plus 14 Review,"HP got so much right with the Pavilion Plus 14, and its hard to argue with the price. But its terrible battery life and stupefying amount of ...",2
HP Pavilion Plus,HP Pavilion Plus,89990,Intel Core Ultra 5,16GB,Windows 11,512GB SSD,14,4,"HP Pavilion Plus 14: Lightweight, no-frills laptop",The color reproduction is very good and the viewing angles are very wide. The display's brightness level is great as it has 300 nits of peak ...,4
HP Pavilion Plus,HP Pavilion Plus,89990,Intel Core Ultra 5,16GB,Windows 11,512GB SSD,14,4,Is the HP Pavilion a good laptop for work?,"Go for: HP Pavilion 14 (Core i5 or Ryzen 5) If your top priorities are portability, good performance, and a lower price point, the Pavilion 14 is your best bet. It's lightweight, has solid battery life, and is powerful enough for studying, work, or daily multitasking  without making big compromises.",5
HP Pavilion Plus,HP Pavilion Plus,89990,Intel Core Ultra 5,16GB,Windows 11,512GB SSD,14,4,Is the HP Pavilion better than the HP?,HP Envy laptops have higher-end processors than the Pavilion. Envy models feature the latest generation of Intel Core i5/i7 processors or AMD Ryzen 5/7 options. Pavilion laptops offer a more budget-friendly processor like the Intel Core i3. Higher-end Pavilion models offer a Ryzen 5/7 or Core i5/i7.,3
HP Pavilion Plus,HP Pavilion Plus,89990,Intel Core Ultra 5,16GB,Windows 11,512GB SSD,14,4,HP Inc.,"HP Inc. is an American multinational information technology company with its headquarters in Palo Alto, California, that develops personal computers (PCs), ...",3
HP Pavilion Plus,HP Pavilion Plus,89990,Intel Core Ultra 5,16GB,Windows 11,512GB SSD,14,4,HP (@hp)  Instagram photos and videos,HP is #1. Ranked the #1 Computer Brand in 2025 by ACSI  ...,3
HP Pavilion Plus,HP Pavilion Plus,89990,Intel Core Ultra 5,16GB,Windows 11,512GB SSD,14,4,HP  Apps on Google Play,"The go-to app for your HP devices. Set up your new printer, personalize your experience, print, scan, and contact supportall in one place.",3
HP Pavilion Plus,HP Pavilion Plus,89990,Intel Core Ultra 5,16GB,Windows 11,512GB SSD,14,4,Hewlett-Packard,"HP was an American multinational information technology company. It was founded by Bill Hewlett and David Packard in 1939 in a one-car garage in Palo Alto, ...",3
HP Pavilion Plus,HP Pavilion Plus,89990,Intel Core Ultra 5,16GB,Windows 11,512GB SSD,14,4,HP,"Brand  HP, for your best workon Earth and beyond | HP  The HP tech powering the Bernabu | HP  Introducing HP IQ | HP. HP. 5.7K ...",4
HP Pavilion Plus,HP Pavilion Plus,89990,Intel Core Ultra 5,16GB,Windows 11,512GB SSD,14,4,Amazon.in: HP,"HP Smart Tank 529 Printer. Aio Colour Ink Tank Printer (Upto 6000 Black & 6000 Colour Pages Included in The Box)- Print, Scan & Copy for Office/Home.",3
HP Pavilion Plus,HP Pavilion Plus,89990,Intel Core Ultra 5,16GB,Windows 11,512GB SSD,14,4,Is HP Chinese or American?,"Hewlett-Packard Company (HP) Is an American multinational information technology corporation headquartered in Palo Alto, California, United States.",3
HP Pavilion Plus,HP Pavilion Plus,89990,Intel Core Ultra 5,16GB,Windows 11,512GB SSD,14,4,HP Pavilion Plus 14 (2025) Review: Affordable OLED ...,"Pros  Excellent OLED display is only $60 upgrade  Sturdy, all-metal design  Comfy keyboard  1440p webcam and Enchanced Lighting app are ...",4
HP Pavilion Plus,HP Pavilion Plus,89990,Intel Core Ultra 5,16GB,Windows 11,512GB SSD,14,4,HP Pavilion Plus 14 Review,"The HP Pavilion Plus 14 offers an interesting combination of functionality and value, with just a few notable downsides.",3
HP Pavilion Plus,HP Pavilion Plus,89990,Intel Core Ultra 5,16GB,Windows 11,512GB SSD,14,4,HP Pavilion Plus 14 review,The HP Pavilion Plus 14 offers incredible performance thanks to its 12th-gen processor. But the short battery life makes it difficult to use when on the go.,3
HP Pavilion Plus,HP Pavilion Plus,89990,Intel Core Ultra 5,16GB,Windows 11,512GB SSD,14,4,HP Pavilion Plus 14 Review: A Good All-Rounder??,HP Pavilion Plus 14 Review in hindi. In this video we will review hp pavilion plus 14 we have been testing this device for more than one ...,3
HP Pavilion Plus,HP Pavilion Plus,89990,Intel Core Ultra 5,16GB,Windows 11,512GB SSD,14,4,HP Pavilion Plus 14 review: burns twice as bright for half as ...,"This is a solid and well-priced 2-in-1 with a good quality i5 CPU, plenty of storage, a good port selection, and handles any work or school tasks with ease.",3
HP Pavilion Plus,HP Pavilion Plus,89990,Intel Core Ultra 5,16GB,Windows 11,512GB SSD,14,4,HP Pavilion Plus Laptop 14 Review: Sophisticated Power,Verdict. The HP Pavilion Plus 14 is a good-looking and well built laptop for general work and could even be suitable for creative professionals.,3
HP Pavilion Plus,HP Pavilion Plus,89990,Intel Core Ultra 5,16GB,Windows 11,512GB SSD,14,4,HP Pavilion Plus 16 laptop: A Complete Review,The 16-inch HP Pavilion Plus Laptop is the perfect choice for anyone looking for a lightweight yet fully capable device.,5
HP Pavilion Plus,HP Pavilion Plus,89990,Intel Core Ultra 5,16GB,Windows 11,512GB SSD,14,4,HP Pavilion x360 2025 Review | 14-ek1114TU Intel Core i5 ...,A sleek mid-range 2in-1 laptop that promises performance portability and a touch of elegance.,3
HP Pavilion Plus,HP Pavilion Plus,89990,Intel Core Ultra 5,16GB,Windows 11,512GB SSD,14,4,Is the HP Pavilion laptop any good?,"HP's Pavilion series has long been a staple in the laptop market, offering a balance of performance, features, and affordability. As a budget laptop, the Pavilion series provides good performance and features without significant faults, making it an excellent choice for consumers looking for value.",4
HP Pavilion Plus,HP Pavilion Plus,89990,Intel Core Ultra 5,16GB,Windows 11,512GB SSD,14,4,How many years do HP Pavilion laptops last?,"Most HP laptops last between 3 to 5 years with normal use. You can extend HP laptop lifespan to 67 years or longer with proper care, such as regular updates, safe charging habits, and cooling practices.",3
HP Pavilion Plus,HP Pavilion Plus,89990,Intel Core Ultra 5,16GB,Windows 11,512GB SSD,14,4,HP Pavilion Plus 14 Review,"But its terrible battery life and stupefying amount of crapware could be problematic. If you can live with those flaws, you'll love the PC's 16: ...",1
HP Pavilion Plus,HP Pavilion Plus,89990,Intel Core Ultra 5,16GB,Windows 11,512GB SSD,14,4,What are the pros and cons of purchasing an HP Pavilion ...,Hey u/VettedBot what can you tell me about this laptop: https://www.hp.com/us-en/shop/pdp/hp-pavilion-plus-laptop-14-ey0047nr?&a=1,3
HP Pavilion Plus,HP Pavilion Plus,89990,Intel Core Ultra 5,16GB,Windows 11,512GB SSD,14,4,HP Pavilion Plus 14 (2023) Review: Mainstream OLED ...,"With a bigger battery, HP's upscale Pavilion delivers acceptable battery life to go with its awesome OLED display, strong performance and solid aluminum ...",3
HP Pavilion Plus,HP Pavilion Plus,89990,Intel Core Ultra 5,16GB,Windows 11,512GB SSD,14,4,HP Pavilion Laptop Review: Best Models & Features 2024,Excellent battery life. Cons: Higher price point compared to standard Pavilion models; No dedicated GPU option for gaming or intensive graphics ...,4
HP Pavilion Plus,HP Pavilion Plus,89990,Intel Core Ultra 5,16GB,Windows 11,512GB SSD,14,4,HP Pavilion Plus 14 review: Decent work laptop with a high ...,"HP Pavilion Plus 14 battery. Performance-wise, the HP Pavillion 14 Plus managed to work fine, but all that gets shadowed by poor battery life.",2
HP Pavilion Plus,HP Pavilion Plus,89990,Intel Core Ultra 5,16GB,Windows 11,512GB SSD,14,4,HP Pavilion Plus 14 review,The HP Pavilion Plus 14 offers incredible performance thanks to its 12th-gen processor. But the short battery life makes it difficult to use when on the go.,3
HP Pavilion Plus,HP Pavilion Plus,89990,Intel Core Ultra 5,16GB,Windows 11,512GB SSD,14,4,HP Pavilion Plus 14 (14-eh0000) review,"This device features a 51Wh battery pack. It lasts for 7 hours and 34 minutes of Web browsing, or 5 hours and 43 minutes of video playback.",3
HP Pavilion Plus,HP Pavilion Plus,89990,Intel Core Ultra 5,16GB,Windows 11,512GB SSD,14,4,Is the HP Pavilion 11th generation i5 14-dv0054tu laptop ...,"Is the HP Pavilion 11th generation i5 14-dv0054tu laptop good in terms of battery backup, fast, without heat issue? I saw some mixed reviews and not ...",4
HP Pavilion Plus,HP Pavilion Plus,89990,Intel Core Ultra 5,16GB,Windows 11,512GB SSD,14,4,Why is my HP Pavilion getting hot?,"Overheating can happen due to a dusty computer, faulty fan, overworking, or a humid environment. It's important to clean your laptop frequently and check for external and internal damage that could cause or increase the frequency of overheating.",1
Acer Swift Go 14,Acer Swift Go 14,79990,Intel Core Ultra 7,16GB,Windows 11,512GB SSD,14,4,"acer Swift Go 14, AI PC, Intel Core Ultra 5 125H, Office ...","Customers find the laptop's build quality positive, with one mentioning it's the best laptop under 70k. The battery life receives positive feedback. AI ...",4
Acer Swift Go 14,Acer Swift Go 14,79990,Intel Core Ultra 7,16GB,Windows 11,512GB SSD,14,4,Acer Swift Go 14 (2024) Laptop Review,"The Acer Swift Go 14 is great for media consumption. It's very portable, and its battery lasts over 10 hours of video playback, giving you ...",4
Acer Swift Go 14,Acer Swift Go 14,79990,Intel Core Ultra 7,16GB,Windows 11,512GB SSD,14,4,Acer Swift Go 14 review  a low-cost MacBook Air killer ...,"The Acer Swift Go 14 is a masterclass in productivity, offering superb performance for an affordable cost that demolishes its most ...",4
Acer Swift Go 14,Acer Swift Go 14,79990,Intel Core Ultra 7,16GB,Windows 11,512GB SSD,14,4,Best Deal Don't Miss - Acer Swift Go 14 for 50000,"Best LAPTOPS Under 50,000 You Won't Believe!  Acer Swift Go 14 OLED Review in Telugu  Super Budget Laptop for Students..?  Best Laptop Usage ...",4
Acer Swift Go 14,Acer Swift Go 14,79990,Intel Core Ultra 7,16GB,Windows 11,512GB SSD,14,4,Acer Swift Go 14 Review,"With the Swift Go 14 laptop, Acer crammed impressive performance into an affordable thin-and-light with a gorgeous OLED display.",4
Acer Swift Go 14,Acer Swift Go 14,79990,Intel Core Ultra 7,16GB,Windows 11,512GB SSD,14,4,"Acer Swift Go 14 (2024) Review: Old Design, Golden ...","It's been loaded with the most current gen specification including Intel's brand new core Ultra 7 Series processor, a speedy 16 GB of lpddr 5x memory.",3
Acer Swift Go 14,Acer Swift Go 14,79990,Intel Core Ultra 7,16GB,Windows 11,512GB SSD,14,4,Review of the Acer Swift Go 14 AI OLED laptop,"The Acer Swift Go 14 AI is not positioned as a top-tier performance system. Instead, it focuses on delivering a well-rounded user experience in ...",3
Acer Swift Go 14,Acer Swift Go 14,79990,Intel Core Ultra 7,16GB,Windows 11,512GB SSD,14,4,Is the Acer Swift 14 better than the go 14?,"The Acer Swift Go 14 (2024) is better than the Acer Swift 14 (2023) for most uses. The Go 14 is a newer device available with Intel Meteor Lake CPUs, which are faster in multi-threaded workloads than the Swift 14's Intel 13th Gen processors and more power efficient, leading to longer battery life.",4
Acer Swift Go 14,Acer Swift Go 14,79990,Intel Core Ultra 7,16GB,Windows 11,512GB SSD,14,4,What are common Acer Swift problems?,"Your Acer Swift 3's long-term power-on issues likely stem from a drained battery, faulty charger, software glitch (fixable with a hard reset), or a hardware problem like a bad battery, charging port, or motherboard component.",1
Acer Swift Go 14,Acer Swift Go 14,79990,Intel Core Ultra 7,16GB,Windows 11,512GB SSD,14,4,Is the Acer Swift go 14 better than the LG gram 14?,"Our Verdict. The Acer Swift Go 14 (2024) and the LG gram 14 (2023) are very similar in terms of user experience. The LG has a better keyboard and touchpad, but the Acer is available with a nicer 90Hz 2.8k OLED display.",3
Acer Swift Go 14,Acer Swift Go 14,79990,Intel Core Ultra 7,16GB,Windows 11,512GB SSD,14,4,Acer Swift Go 14 Oled Ai Pc Intel Core Ultra 7 155h 16 Gb ...,"This laptop, regarding performance is absolutely worth going for. But it has its drawbacks for which I cannot give 5 stars. I don't want to talk about the ...",4
Acer Swift Go 14,Acer Swift Go 14,79990,Intel Core Ultra 7,16GB,Windows 11,512GB SSD,14,4,Acer Swift Go 14 Intel Core I5 13th Gen 13500h 16 Gb 512 ...,"Best under this range.... working smoothly, no issue till now. As I read, battery is draining fast but I haven't gone through such issue yet. Heating is not ...",1
Acer Swift Go 14,Acer Swift Go 14,79990,Intel Core Ultra 7,16GB,Windows 11,512GB SSD,14,4,"Acer Swift Go 14 OLED Laptop Review | 89,990 ...",Acer Swift Go 14 OLED Review  Best OLED Laptop with Intel Evo i5 13th Gen  Iris Xe Graphics  Fresh Tech Updates,4
Acer Swift Go 14,Acer Swift Go 14,79990,Intel Core Ultra 7,16GB,Windows 11,512GB SSD,14,4,"acer Swift Go 14, Intel Core Ultra 5-125H, 16GB RAM ...","Stunning Design & Trackpad: The laptop looks sleek, almost like a MacBook, and the massive trackpad is so good that I hardly use a mouse. Solid Hinge & Great ...",5
Acer Swift Go 14,Acer Swift Go 14,79990,Intel Core Ultra 7,16GB,Windows 11,512GB SSD,14,4,Acer Swift Go 14 Ai Powered Evo Intel Core Ultra 5 125h ...,Fabulous! Review for: Color Pure Silver  Processor Core Ultra 5 | 125H  SSD Capacity 512 GB  Screen Size 14 Inch  System Memory 16 GB. It is good in every ...,3
Acer Swift Go 14,Acer Swift Go 14,79990,Intel Core Ultra 7,16GB,Windows 11,512GB SSD,14,4,Acer Swift Go 14 Review: Striking the Right Balance,Acer Swift Go 14 performance and battery life. General performance of the Acer Swift Go 14 is very good. It runs cool and the fans are not ...,3
Acer Swift Go 14,Acer Swift Go 14,79990,Intel Core Ultra 7,16GB,Windows 11,512GB SSD,14,4,Best Deal Don't Miss - Acer Swift Go 14 for 50000,"Best LAPTOPS Under 50,000 You Won't Believe!  Acer Swift Go 14 OLED Review in Telugu  Super Budget Laptop for Students..?  Best Laptop Usage ...",4
Acer Swift Go 14,Acer Swift Go 14,79990,Intel Core Ultra 7,16GB,Windows 11,512GB SSD,14,4,Acer Swift Go 14 Snapdragon X Plus 16 Gb 512 Gb Ssd ...,"The laptop has good aluminium sturdy construction. I paid 40K for the system, which was a steal with Bank offers and exchange with an old Lenovo ThinkPad ...",3
Acer Swift Go 14,Acer Swift Go 14,79990,Intel Core Ultra 7,16GB,Windows 11,512GB SSD,14,4,Acer Swift Go 14 (2024) Laptop Review,"The Acer Swift Go 14 is great for general productivity. It's a well-built laptop that's easy to carry, and its battery lasts easily through a ...",4
Acer Swift Go 14,Acer Swift Go 14,79990,Intel Core Ultra 7,16GB,Windows 11,512GB SSD,14,4,Is the Acer Swift 14 better than the go 14?,"The Acer Swift Go 14 (2024) is better than the Acer Swift 14 (2023) for most uses. The Go 14 is a newer device available with Intel Meteor Lake CPUs, which are faster in multi-threaded workloads than the Swift 14's Intel 13th Gen processors and more power efficient, leading to longer battery life.",4
Acer Swift Go 14,Acer Swift Go 14,79990,Intel Core Ultra 7,16GB,Windows 11,512GB SSD,14,4,Im planning on getting the Acer Swift Go 14 with the oled ...,"Everything the GO offers is what I want in a laptop, but I was wondering if there was a better/equivalent options that I should go for over an Acer computer. ...",3
Acer Swift Go 14,Acer Swift Go 14,79990,Intel Core Ultra 7,16GB,Windows 11,512GB SSD,14,4,Acer Swift Go 14 review: a solid laptop with some fun twists ...,"It's a solid laptop that looks nice, but is pretty far from premium. There are some aspects of it that even come off a little cheap.",3
Acer Swift Go 14,Acer Swift Go 14,79990,Intel Core Ultra 7,16GB,Windows 11,512GB SSD,14,4,What are common Acer Swift problems?,"Your Acer Swift 3's long-term power-on issues likely stem from a drained battery, faulty charger, software glitch (fixable with a hard reset), or a hardware problem like a bad battery, charging port, or motherboard component.",1
Acer Swift Go 14,Acer Swift Go 14,79990,Intel Core Ultra 7,16GB,Windows 11,512GB SSD,14,4,Is the Acer Swift 14 better than the go 14?,"The Acer Swift Go 14 (2024) is better than the Acer Swift 14 (2023) for most uses. The Go 14 is a newer device available with Intel Meteor Lake CPUs, which are faster in multi-threaded workloads than the Swift 14's Intel 13th Gen processors and more power efficient, leading to longer battery life.",4
Acer Swift Go 14,Acer Swift Go 14,79990,Intel Core Ultra 7,16GB,Windows 11,512GB SSD,14,4,Is the Acer Swift go 14 better than the LG gram 14?,"Our Verdict. The Acer Swift Go 14 (2024) and the LG gram 14 (2023) are very similar in terms of user experience. The LG has a better keyboard and touchpad, but the Acer is available with a nicer 90Hz 2.8k OLED display.",3
Acer Swift Go 14,Acer Swift Go 14,79990,Intel Core Ultra 7,16GB,Windows 11,512GB SSD,14,4,Acer's Swift 14 Go got a sleek new look for 2025,"The Acer Swift Go 14 weighs just 2.9 pounds this year, down from 3.1. This may not sound like much, but every ounce counts when you lug a laptop everywhere.",3
Acer Swift Go 14,Acer Swift Go 14,79990,Intel Core Ultra 7,16GB,Windows 11,512GB SSD,14,4,2025 Swift Go 14 and 16 | Engineered to Go | Acer,"Wherever life takes you, Swift Go 14 and 16 are ready to keep up. With an ultra-thin and light design, all-day battery, and powerful Intel ...",4
Acer Swift Go 14,Acer Swift Go 14,79990,Intel Core Ultra 7,16GB,Windows 11,512GB SSD,14,4,Acer Swift Go 14 AI review - a more than capable laptop with ...,Pros  Good all-round performance  Excellent battery life  Sleek design and durability  Wi-Fi 7 onboard  Lots of ports ...,4
Acer Swift Go 14,Acer Swift Go 14,79990,Intel Core Ultra 7,16GB,Windows 11,512GB SSD,14,4,Acer Swift Go 14 | AI PC with OLED Display,Acer Swift Go 14 is an AI PC equipped with an Intel Core Ultra (Series 2) processor and boasts a brilliant OLED laptop display in a thin and light design.,3
Acer Swift Go 14,Acer Swift Go 14,79990,Intel Core Ultra 7,16GB,Windows 11,512GB SSD,14,4,Acer Swift Go 14 laptop review,"The build quality of the Acer Swift Go 14 is excellent. Nothing wobbles, creaks, or flexes. While it can't be called an ultrabook in the ...",4
Acer Swift Go 14,Acer Swift Go 14,79990,Intel Core Ultra 7,16GB,Windows 11,512GB SSD,14,4,Acer Swift Go 14 (2024) Laptop Review,"The Acer Swift Go 14 laptop is a great mid-range ultraportable. Its CPU performance is outstanding, outperforming many pricier models with the ...",5
Acer Swift Go 14,Acer Swift Go 14,79990,Intel Core Ultra 7,16GB,Windows 11,512GB SSD,14,4,"acer Swift Go 14, Intel Core Ultra 5-125H, 16GB RAM ...","Outstanding Display: It's bright and colorful, with excellent HDR for movies. Useful AI Features & Decent Speakers: The AI background blurring and noise ...",5
Acer Swift Go 14,Acer Swift Go 14,79990,Intel Core Ultra 7,16GB,Windows 11,512GB SSD,14,4,Is Acer a good laptop in 2025?,"Acer might not shout as loudly as some of its competitors, but it's quietly built a reputation for offering solid laptops at every price point. From pocket-friendly student machines to beefy gaming rigs, Acer has something for everyone - and that's exactly what makes it such a reliable brand to buy into in 2025.",3
Acer Swift Go 14,Acer Swift Go 14,79990,Intel Core Ultra 7,16GB,Windows 11,512GB SSD,14,4,Is the Acer Swift 14 better than the go 14?,"The Acer Swift Go 14 (2024) is better than the Acer Swift 14 (2023) for most uses. The Go 14 is a newer device available with Intel Meteor Lake CPUs, which are faster in multi-threaded workloads than the Swift 14's Intel 13th Gen processors and more power efficient, leading to longer battery life.",4
Acer Swift Go 14,Acer Swift Go 14,79990,Intel Core Ultra 7,16GB,Windows 11,512GB SSD,14,4,What are common Acer Swift problems?,"Your Acer Swift 3's long-term power-on issues likely stem from a drained battery, faulty charger, software glitch (fixable with a hard reset), or a hardware problem like a bad battery, charging port, or motherboard component.",1
Acer Swift Go 14,Acer Swift Go 14,79990,Intel Core Ultra 7,16GB,Windows 11,512GB SSD,14,4,New Acer swift go 14 is heating while charging,My new acer swift go 14 oled i5 13500h (1 week old) is heating ((a lot)) on the top left and below while charging. When not plugged in it is normal just ...,2
Acer Swift Go 14,Acer Swift Go 14,79990,Intel Core Ultra 7,16GB,Windows 11,512GB SSD,14,4,Im planning on getting the Acer Swift Go 14 with the oled ...,"Everything the GO offers is what I want in a laptop, but I was wondering if there was a better/equivalent options that I should go for over an Acer computer. ...",3
Acer Swift Go 14,Acer Swift Go 14,79990,Intel Core Ultra 7,16GB,Windows 11,512GB SSD,14,4,Acer Swift Go 14 (2024) Laptop Review,"The Acer Swift Go 14 is great for media consumption. It's very portable, and its battery lasts over 10 hours of video playback, giving you ...",4
Acer Swift Go 14,Acer Swift Go 14,79990,Intel Core Ultra 7,16GB,Windows 11,512GB SSD,14,4,Acer Swift Go 14 AI review: Hot and messy and disappointing,"For $999, the Acer Swift Go 14 AI sports a Snapdragon X Plus processor that delivers 16+ hours of battery life but disappointing performance.",3
Acer Swift Go 14,Acer Swift Go 14,79990,Intel Core Ultra 7,16GB,Windows 11,512GB SSD,14,4,I have recently purchased Acer Shift Go 14 i5 13500H ...,"I have recently purchased Acer Shift Go 14 i5 13500H 16GB for  47990, the laptop gets heated in just normal task, should I return it or is it good product ...",2
Acer Swift Go 14,Acer Swift Go 14,79990,Intel Core Ultra 7,16GB,Windows 11,512GB SSD,14,4,"Acer Swift Go 14 review: Superb display, disappointing ...","The Acer Swift 14 Go packs a modest 65 watt-hour battery. That's not large for a modern laptop with an Intel Core i7-13700H processor, and it ...",3
Acer Swift Go 14,Acer Swift Go 14,79990,Intel Core Ultra 7,16GB,Windows 11,512GB SSD,14,4,Acer Swift Go 14 Review: Is the 'AI PC' Worth the Hype or Just ...,"In this video, we review the Acer Swift Go 14, an ""AI PC"" that promises advanced features and sleek design. But is it worth the hype, ...",4
Acer Swift Go 14,Acer Swift Go 14,79990,Intel Core Ultra 7,16GB,Windows 11,512GB SSD,14,4,Acer Swift Go 14 (2024) Review - Don't Choose Wrong!!,Acer Swift Go 14 (2024) Review: Pros and Cons  IPS display is not as competitive  Weak speakers  Unimpressive battery life  Premium price for Core Ultra.,4
Acer Swift Go 14,Acer Swift Go 14,79990,Intel Core Ultra 7,16GB,Windows 11,512GB SSD,14,4,Brand new Swift Go 14 heating up near the charging port. ...,I have acer swift go 14 ryzen 7 7730u brand new few days old. One thing i noticed that from day one my laptop top lefft side at charging point getting hot. ...,3
Acer Swift Go 14,Acer Swift Go 14,79990,Intel Core Ultra 7,16GB,Windows 11,512GB SSD,14,4,Acer Swift Go 14 Pros and Cons,"Sumptuous 90Hz OLED display  All-day battery life (for indoors work, at least)  Powerful CPU performance  Very good pricing  Excellent 1440p webcam  Thin and ...",5
Acer Swift Go 14,Acer Swift Go 14,79990,Intel Core Ultra 7,16GB,Windows 11,512GB SSD,14,4,Do Acer laptops have heating problems?,"It's normal for your Acer laptop to be warmer than usual while charging, especially if you're using it simultaneously. Check the temperatures your hardware reaches: Use Open Hardware Monitor or any other temperature monitoring software. Move to a cooler location: Using electronics outdoors on a hot day is challenging.",3
Lenovo Yoga Slim 7,Lenovo Yoga Slim 7,104990,Intel Core Ultra 7,16GB,Windows 11,1TB SSD,14,5,Lenovo Yoga Slim 7 Intel Core Ultra 5 125H Built-in AI 14 ...,"Customers praise the laptop's build quality, performance, and sound quality, noting it's quiet under most workloads. The display receives positive feedback, ...",3
Lenovo Yoga Slim 7,Lenovo Yoga Slim 7,104990,Intel Core Ultra 7,16GB,Windows 11,1TB SSD,14,5,Lenovo Yoga Slim 7 - Review,"Being an OLED display the color, contrast and brightness all are excellent. With a peak brightness of 500 nits watching HDR content and playing ...",4
Lenovo Yoga Slim 7,Lenovo Yoga Slim 7,104990,Intel Core Ultra 7,16GB,Windows 11,1TB SSD,14,5,Lenovo Yoga Slim 7X Review: Snapdragon X Elite Blows Me ...,A super slim Ultra lightweight notebook powered by the Snapdragon Elite X armm processor.,4
Lenovo Yoga Slim 7,Lenovo Yoga Slim 7,104990,Intel Core Ultra 7,16GB,Windows 11,1TB SSD,14,5,Lenovo: Yoga,"Lenovo Yoga Slim 7 Snapdragon X Elite X1E Built in-AI with Copilot+ 14""(35.5cm) 3K OLED 500Nits Touchscreen Laptop (32GB/1TB... 4.64.6 out of 5 stars34.6 out of ...",3
Lenovo Yoga Slim 7,Lenovo Yoga Slim 7,104990,Intel Core Ultra 7,16GB,Windows 11,1TB SSD,14,5,Lenovo Slim (Yoga) Pro 7 Review: Don't Buy the WRONG ...,I'm going to show you why this laptop is totally overhyped and overrated and at the end I'll cover what you should probably buy instead.,3
Lenovo Yoga Slim 7,Lenovo Yoga Slim 7,104990,Intel Core Ultra 7,16GB,Windows 11,1TB SSD,14,5,Lenovo Slim 7i Aura Edition Review - 40 Days Later,I have had the Yoga Slim 7i Aura Edition 258v laptop now for almost four months and I haven't been disappointed one bit.,2
Lenovo Yoga Slim 7,Lenovo Yoga Slim 7,104990,Intel Core Ultra 7,16GB,Windows 11,1TB SSD,14,5,Lenovo Yoga Slim 7x Review: The Ultimate Thin & Light ...,The Lenovo Yoga slim 7x is a laptop designed to deliver premium features in a compact and lightweight package.,4
Lenovo Yoga Slim 7,Lenovo Yoga Slim 7,104990,Intel Core Ultra 7,16GB,Windows 11,1TB SSD,14,5,"2024 Lenovo (Yoga) Slim 7i 14"" REVIEW - GREAT BANG ...",This Slim 7i brings a lot to the table an OED display excellent battery life an all metal design very premium materials here and good performance.,4
Lenovo Yoga Slim 7,Lenovo Yoga Slim 7,104990,Intel Core Ultra 7,16GB,Windows 11,1TB SSD,14,5,Lenovo Yoga Slim7,"Get the Lenovo Yoga Slim 7 with cutting-edge AI capabilities, Dolby Atmos speakers, and precision keyboards. Designed for creators and multitaskers alike.",3
Lenovo Yoga Slim 7,Lenovo Yoga Slim 7,104990,Intel Core Ultra 7,16GB,Windows 11,1TB SSD,14,5,Yoga Slim 7x Review: What You Need to Know!,The slim 7x is one of my favorite laptops right now it is great for people who are sticking to basic applications like office web browsing.,4
Lenovo Yoga Slim 7,Lenovo Yoga Slim 7,104990,Intel Core Ultra 7,16GB,Windows 11,1TB SSD,14,5,Is the Lenovo Yoga 7 worth buying?,"The Yoga 7i 16 Gen 10 offers a spacious display in a fairly thin-and-light design, making it worthy of consideration. Add in its solid performance for the price, long battery life and two-in-one versatility, it's an easy recommendation, especially when you can find it on sale for less than $700.",5
Lenovo Yoga Slim 7,Lenovo Yoga Slim 7,104990,Intel Core Ultra 7,16GB,Windows 11,1TB SSD,14,5,Is the Lenovo Slim 7 good for students?,"Lenovo Slim Pro 7 laptops are among our best laptops for college because they deliver the performance you need for creating, with a style that will complement your personality.",4
Lenovo Yoga Slim 7,Lenovo Yoga Slim 7,104990,Intel Core Ultra 7,16GB,Windows 11,1TB SSD,14,5,Lenovo Yoga Slim 7 Pro Intel Core I5 11th Gen 11320h 16 ...,"Laptop is amazingly fast. Lenovo in built apps have a few bugs. Excellent performance for day to day works and gaming too. In built webcam is useless, ...",5
Lenovo Yoga Slim 7,Lenovo Yoga Slim 7,104990,Intel Core Ultra 7,16GB,Windows 11,1TB SSD,14,5,Lenovo Yoga Slim 7 Intel Core I5 10th Gen 1035g1 8 Gb ...,Absolute killer for the budget. Totally worth the buy. There are very few laptops out there that can beat these specs and in the budget.,4
Lenovo Yoga Slim 7,Lenovo Yoga Slim 7,104990,Intel Core Ultra 7,16GB,Windows 11,1TB SSD,14,5,Lenovo Yoga Slim 7 WUXGA OLED AI PC with 1Yr ADP ...,Ratings and reviews. 4.3. Very Good. based on 45 ratings by. Verified Buyers ... Nice product. Flipkart Customer. Image. Verified Buyer. 24. 3. 5. Awesome. 1 year ...,3
Lenovo Yoga Slim 7,Lenovo Yoga Slim 7,104990,Intel Core Ultra 7,16GB,Windows 11,1TB SSD,14,5,Lenovo Yoga Slim 7 Intel Evo Core I7 11th Gen 16 Gb 1 Tb ...,Product good. But battery backup is not good maximum 1 hrw backup. Display quality is good but to small sizes. Performance wise also average. Design wise very ...,3
Lenovo Yoga Slim 7,Lenovo Yoga Slim 7,104990,Intel Core Ultra 7,16GB,Windows 11,1TB SSD,14,5,Lenovo Yoga Slim 7 Intel Core Ultra 155h 16 Gb 1 Tb Ssd ...,"Must buy!  Speed is great. Very good battery life. Compact laptop and good value money ; Just wow!  Initial reaction is good, no problem yet, face unlock works ...",5
Lenovo Yoga Slim 7,Lenovo Yoga Slim 7,104990,Intel Core Ultra 7,16GB,Windows 11,1TB SSD,14,5,Latest Review of Lenovo Yoga Slim 7 Pro Intel Evo Core I5 ...,"Laptop is amazingly fast. Lenovo in built apps have a few bugs. Excellent performance for day to day works and gaming too. In built webcam is useless, ...",5
Lenovo Yoga Slim 7,Lenovo Yoga Slim 7,104990,Intel Core Ultra 7,16GB,Windows 11,1TB SSD,14,5,Lenovo Yoga Slim 7i Aura Edition Review,"With normal to heavy usage, I comfortably got around 7 to 9 hours of battery backup. Moreover, the laptop took almost 2 hours to charge fully.",3
Lenovo Yoga Slim 7,Lenovo Yoga Slim 7,104990,Intel Core Ultra 7,16GB,Windows 11,1TB SSD,14,5,Lenovo Yoga Slim 7 Aura Edition Review,"With up to 15 hours of battery life, which we were able to get out of this laptop with moderate use, this is a machine built for long days.",3
Lenovo Yoga Slim 7,Lenovo Yoga Slim 7,104990,Intel Core Ultra 7,16GB,Windows 11,1TB SSD,14,5,Is the Lenovo Yoga 7 worth buying?,"The Yoga 7i 16 Gen 10 offers a spacious display in a fairly thin-and-light design, making it worthy of consideration. Add in its solid performance for the price, long battery life and two-in-one versatility, it's an easy recommendation, especially when you can find it on sale for less than $700.",5
Lenovo Yoga Slim 7,Lenovo Yoga Slim 7,104990,Intel Core Ultra 7,16GB,Windows 11,1TB SSD,14,5,Is the Lenovo Yoga Slim 7 any good?,"The Lenovo Yoga Slim 7 has a nice design, a great display, and enough power to handle just about everything you throw at it. It's what you want an ultraportable to be: great for productivity through long days, with surprising graphical punch when you need it.",4
Lenovo Yoga Slim 7,Lenovo Yoga Slim 7,104990,Intel Core Ultra 7,16GB,Windows 11,1TB SSD,14,5,Is the Lenovo Slim 7 good for students?,"Lenovo Slim Pro 7 laptops are among our best laptops for college because they deliver the performance you need for creating, with a style that will complement your personality.",4
Lenovo Yoga Slim 7,Lenovo Yoga Slim 7,104990,Intel Core Ultra 7,16GB,Windows 11,1TB SSD,14,5,Lenovo Yoga Slim 7 - Review,"Battery capacity is 65WH and battery life is excellent. It will easily last 8-10 hrs on single charge on light use (Youtube, Netflix). Even ...",4
Lenovo Yoga Slim 7,Lenovo Yoga Slim 7,104990,Intel Core Ultra 7,16GB,Windows 11,1TB SSD,14,5,Is the Lenovo Yoga 7 worth buying?,"The Yoga 7i 16 Gen 10 offers a spacious display in a fairly thin-and-light design, making it worthy of consideration. Add in its solid performance for the price, long battery life and two-in-one versatility, it's an easy recommendation, especially when you can find it on sale for less than $700.",5
Lenovo Yoga Slim 7,Lenovo Yoga Slim 7,104990,Intel Core Ultra 7,16GB,Windows 11,1TB SSD,14,5,Does the Lenovo Yoga 7 have palm rejection?,"Hey, Yes, the Yoga 7 supports palm rejection when using a pen in the various modes, including tablet mode.",3
Lenovo Yoga Slim 7,Lenovo Yoga Slim 7,104990,Intel Core Ultra 7,16GB,Windows 11,1TB SSD,14,5,How does the Slim 7 compare to a MacBook?,"The Apple MacBook Neo provides a better design, build quality, quietness, and battery life. In comparison, the Lenovo Yoga Slim 7 has a better display. The general performance of both laptops is quite good, but the multi-core performance of the Intel CPU inside the Lenovo Yoga Slim 7 is better.",3
Lenovo Yoga Slim 7,Lenovo Yoga Slim 7,104990,Intel Core Ultra 7,16GB,Windows 11,1TB SSD,14,5,Lenovo Yoga Slim 7 14 G10 review,The Yoga Slim 7 14 G10 is a slim everyday laptop with an AMD Ryzen processor and an impressive OLED panel with a 120 Hz frequency and a maximum ...,4
Lenovo Yoga Slim 7,Lenovo Yoga Slim 7,104990,Intel Core Ultra 7,16GB,Windows 11,1TB SSD,14,5,Lenovo Yoga Slim 7 review: A great all-rounder - T3,"The Lenovo Yoga Slim 7 has a nice design, a great display, and enough power to handle just about everything you throw at it.",4
Lenovo Yoga Slim 7,Lenovo Yoga Slim 7,104990,Intel Core Ultra 7,16GB,Windows 11,1TB SSD,14,5,Lenovo Yoga Slim 7i Aura Edition (Gen 10 | 2025) Australian ...,"This well-built, feature-packed, aluminium, 14-inch, ultraportable laptop is a joy to interact with, has a long battery life and is great value ...",5
Lenovo Yoga Slim 7,Lenovo Yoga Slim 7,104990,Intel Core Ultra 7,16GB,Windows 11,1TB SSD,14,5,Lenovo Yoga Slim 7 Aura Edition Review,"With up to 15 hours of battery life, which we were able to get out of this laptop with moderate use, this is a machine built for long days.",3
Lenovo Yoga Slim 7,Lenovo Yoga Slim 7,104990,Intel Core Ultra 7,16GB,Windows 11,1TB SSD,14,5,Lenovo Yoga Slim 7 - Review,"An all aluminum design for the chassis, slim and light at under 15 mm and less than 1.4 kg. The build is solid with little to no flexes or creeks.",3
Lenovo Yoga Slim 7,Lenovo Yoga Slim 7,104990,Intel Core Ultra 7,16GB,Windows 11,1TB SSD,14,5,Lenovo IdeaPad/Yoga Slim 7 14ARE05 review,"They went with a good display, a proper thermal design, a big battery, punchy speakers, and good IO. They also put all these features in a well-built metallic ...",3
Lenovo Yoga Slim 7,Lenovo Yoga Slim 7,104990,Intel Core Ultra 7,16GB,Windows 11,1TB SSD,14,5,Lenovo Yoga Slim 7i Aura Edition 15 (2024) Laptop Review,"Easy to carry. Sharp, bright 2.8k display. Speakers sound well-balanced, with a good amount of bass. Available with OLED display for better dark ...",3
Lenovo Yoga Slim 7,Lenovo Yoga Slim 7,104990,Intel Core Ultra 7,16GB,Windows 11,1TB SSD,14,5,Lenovo Yoga Slim 7i Aura Edition Review,"The Lenovo Yoga Slim 7i Aura Edition delivers the goods when it comes to speed, battery life, and entertainment needs.",3
Lenovo Yoga Slim 7,Lenovo Yoga Slim 7,104990,Intel Core Ultra 7,16GB,Windows 11,1TB SSD,14,5,Is the Lenovo Yoga Slim 7 good for business use?,"The Lenovo Yoga Slim 7 is great for business use. It has a sturdy build, a compact design, and a battery that lasts around 11 to 12 hours in light uses, making it ideal for those who travel a lot for work.",4
Lenovo Yoga Slim 7,Lenovo Yoga Slim 7,104990,Intel Core Ultra 7,16GB,Windows 11,1TB SSD,14,5,Lenovo Yoga Slim 7 - Review,"Battery capacity is 65WH and battery life is excellent. It will easily last 8-10 hrs on single charge on light use (Youtube, Netflix). Even ...",4
Lenovo Yoga Slim 7,Lenovo Yoga Slim 7,104990,Intel Core Ultra 7,16GB,Windows 11,1TB SSD,14,5,Lenovo Yoga Slim 7 Pro (14) - Top 5 Pros and Cons,"The 61Wh battery unit does wonders, especially if you factor in the powerful Ryzen 5 5600H CPU that is inside. The battery lasted for 7 hours ...",4
Lenovo Yoga Slim 7,Lenovo Yoga Slim 7,104990,Intel Core Ultra 7,16GB,Windows 11,1TB SSD,14,5,Lenovo Yoga Slim 7 review: The benchmark for all-rounders,"It has a fairly decent screen, doesn't heat up, works well with multiple apps and browsers, has good Dolby tuned stereo speakers, features all ...",3
Lenovo Yoga Slim 7,Lenovo Yoga Slim 7,104990,Intel Core Ultra 7,16GB,Windows 11,1TB SSD,14,5,Lenovo Slim (Yoga) Pro 7 Review: Don't Buy the WRONG ...,I'm going to show you why this laptop is totally overhyped and overrated and at the end I'll cover what you should probably buy instead.,3
Lenovo Yoga Slim 7,Lenovo Yoga Slim 7,104990,Intel Core Ultra 7,16GB,Windows 11,1TB SSD,14,5,Lenovo Yoga Slim 7 14 G10 review,"However, there are then no more reserves to charge the battery, for example. In addition, the power adapter gets very hot, reaching over 60 C ...",3
Lenovo Yoga Slim 7,Lenovo Yoga Slim 7,104990,Intel Core Ultra 7,16GB,Windows 11,1TB SSD,14,5,Lenovo-yoga-slim-7i-carbon-heat-issue - English Community,"It easily heats up. Everytime I used this, I notice that starting from minutes-40 from turn on, its temperature increase up to a burning level sensation but ...",3
Lenovo Yoga Slim 7,Lenovo Yoga Slim 7,104990,Intel Core Ultra 7,16GB,Windows 11,1TB SSD,14,5,Lenovo Yoga Slim 7 Pros and Cons,"The Lenovo Yoga Slim 7 is a fantastic value laptop, seeing a leading performance and battery life despite costing a few hundred quid less than the competition.",4
Lenovo Yoga Slim 7,Lenovo Yoga Slim 7,104990,Intel Core Ultra 7,16GB,Windows 11,1TB SSD,14,5,"Lenovo Yoga Slim 7 Pro 14 review (14ACH5 - Ryzen 7, 16: ...","You can also opt for the Battery Saver mode, with limits the CPU to 12.5W with now idle fans and temperatures in the low-50s. In this case, the ...",3
Lenovo Yoga Slim 7,Lenovo Yoga Slim 7,104990,Intel Core Ultra 7,16GB,Windows 11,1TB SSD,14,5,Does the Lenovo Yoga 7 overheat?,"Overheating in laptops is a common problem, but it's especially noticeable in thin-and-light models like the Lenovo Yoga 7. The combination of a slim design, powerful processors, and compact cooling systems often leads to heat buildup. Main causes include: Dust accumulation blocking the cooling vents.",1
Lenovo Yoga Slim 7,Lenovo Yoga Slim 7,104990,Intel Core Ultra 7,16GB,Windows 11,1TB SSD,14,5,Do Lenovo Slim laptops overheat easily?,"Their cooling systems are built to handle demanding tasks, but even the best machines can warm up over time. Dust build-up, ageing parts, or hot environments can all make the fan work overtime and cause your Lenovo laptop overheating problem.",1
Lenovo Yoga Slim 7,Lenovo Yoga Slim 7,104990,Intel Core Ultra 7,16GB,Windows 11,1TB SSD,14,5,Does the Lenovo Yoga 7i have good battery life?,This is once again an absolutely phenomenal. Result now if you do want to run performance tasks on the laptop. Itself you'll be pleased to know that its performance it isn't throttled when unplugged.,3
